,Video_id,Title,Published_date,Views,Likes,Comments,Month
0,BZ28o5oXMvE,Rust being used in Ransomware,2023-04-19,75527,8283,59,Apr
1,K9vkWIpEFJs,IGDTUW College Review InShort,2023-04-18,33739,2897,134,Apr
2,bj3rCZKbLgY,Should you do BCA in 2023? All about BCA,2023-04-16,165854,10896,1452,Apr
3,42ZrKGaP3Rs,One Thing to Increase your Confidence,2023-04-14,125444,16365,88,Apr
4,di3_aVJy7Kw,How to find Internships with no skills?,2023-04-11,133704,17405,98,Apr
5,1g3kYtJf6Tw,Java or C++ or Python | Which language is best for Placements?,2023-04-10,353723,15436,994,Apr
6,Y3tGRG5US98,3 Mistakes to Avoid as a Coder,2023-04-09,325844,35662,151,Apr
7,h7LDnVsNRVI,What is DevOps? DevOps Explained | Simplest Explanation in Hindi,2023-04-06,138373,7336,664,Apr
8,Bf933DFF_FI,Should you do Competitive Coding in 2023? for all Coders,2023-04-04,182308,8042,384,Apr
9,-rx10TffM3g,Intuit CTC Breakdown,2023-04-03,120172,10453,250,Apr
10,SZmHoyikiYc,How did he got Internship at Google International in First year? Alpha 1.0 student,2023-03-31,153307,6498,480,Mar
11,MZ7h8rcfPo8,Big Reveal - Get Placement Ready with 4.0! |,2023-03-27,302482,12226,1664,Mar
12,NQ1wl-xTfv0,Get Placement Ready - Big Announcement for all Coders‚ù§Ô∏è,2023-03-24,327190,15073,1045,Mar
13,LIKtrrt2xdk,Amazon CTC Breakdown,2023-03-23,486083,33949,149,Mar
14,lCTh5iCTBec,How to Score More in College Exams? 5 Mistakes to avoid,2023-03-21,155420,10405,525,Mar
15,GlP6eeS-QQQ,How to monetize Open Source?,2023-03-20,181130,10872,81,Mar
16,miT4CK_5Sac,MNIT Jaipur College Review | InShort,2023-03-17,183477,14414,543,Mar
17,CR9P6rM0H9o,IIIT Allahabad College Review | In Short,2023-03-15,313231,25030,669,Mar
18,7X-TfHa3Q74,Shradha Didi invited at Microsoft Office | Open Source Day Seminar,2023-03-13,1078765,75154,183,Mar
19,hiNrsOx4UHw,Discipline & Hardwork will beat anything in the worldüî•,2023-03-11,725378,74365,204,Mar
20,yu5IYO0fcS8,Are you getting bored from Coding? 5 Tips to enjoy Coding,2023-03-09,288773,14750,684,Mar
21,yk9keUhwSok,Skills to build in 2023,2023-03-06,686309,94148,237,Mar
22,IaSIsSgeVx4,A message for all students‚ù§Ô∏è,2023-03-05,595673,64397,379,Mar
23,N_iuN37-uuQ,Software Engineer without BTech? | NetApp - Student Interview,2023-03-04,132205,4703,499,Mar
24,EEbubZiAKDk,Top 10 Exams for Engineering Colleges,2023-02-28,804243,69736,436,Feb
25,zp81aX1zSYQ,Top 5 IITs of India | Oldest IITs of India,2023-02-25,240937,17942,381,Feb
26,KATM9yf8tXM,IIT Kanpur College Review InShort,2023-02-24,303229,24201,517,Feb
27,doSFDItcQrk,How to Prepare for Placements & Internships in 4 months?,2023-02-23,420704,23914,868,Feb
28,HfaCF7eWefw,Jadavpur University College Review Inshort,2023-02-20,570885,50533,498,Feb
29,7YRkQugpp3U,NIT Trichy College Review InShort,2023-02-17,195095,15670,656,Feb
30,2y8YZktCNj0,How this student got Internship of 1.5Lakh/Month?,2023-02-14,177646,4620,366,Feb
31,gO-qIeaPitk,Meeting my College Juniors‚ù§Ô∏è,2023-02-12,1606345,153027,503,Feb
32,uXn85kgphuA,BITS Pilani College Review | In Short,2023-02-11,1376113,87375,1250,Feb
33,mft5UgJYAXU,NIT Warangal College Review In Short,2023-02-10,195656,16974,621,Feb
34,cp3UD82R03A,IIT Bombay College Review in Short,2023-02-08,443030,47024,953,Feb
35,ID0-RbOEbvg,IIT Madras College Review in Short,2023-02-04,324009,34802,878,Feb
36,pdb6eOeSPok,Seminar at NIT Agartala by Shradha Didi @ApnaCollegeOfficial,2023-02-02,2551211,197383,714,Feb
37,EenMiF1QDuI,Do you have any Questions for me? Interview Qs,2023-01-31,685817,81128,155,Jan
38,eZvePsf0W_A,Seminar in DU by Shradha didi @ApnaCollegeOfficial,2023-01-28,1546719,119672,418,Jan
39,NGViboaAbSI,Must Watch : Surprise Honest Talk | Republic Day Special,2023-01-26,186511,10146,686,Jan
40,QXT475sMD3c,IIT Delhi | College Review In Shortüî•,2023-01-24,813829,77969,260,Jan
41,DUgz47G4neM,How this student got Internship of Rs70K/month?,2023-01-23,360422,11542,555,Jan
42,4ve0YjLHQTg,What do Software Engineers do?,2023-01-22,379405,38034,111,Jan
43,F-l48mJs4LI,"Ranks for IITs, NITs & IIITs?",2023-01-20,338113,32057,304,Jan
44,a4bA8n5h_xg,3 Things I learnt from Microsoft,2023-01-19,547309,62758,123,Jan
45,uhDLHn6uVUg,STAR Method of Answering in Interviews,2023-01-17,261485,29577,90,Jan
46,s3jGpZXxzJ8,3 Mistakes to avoid in Interviews | 2023,2023-01-14,825684,89780,132,Jan
47,59fUtYYz7ZU,Graph Data Structure | Tutorial for Graphs in Data Structures,2023-01-13,242441,7081,490,Jan
48,KZR_UUcOyrg,How to Start Coding in 2023? Learn Programming for Beginners,2023-01-12,1176015,57767,2206,Jan
49,R2KltLS41oU,Why do you want to join us? Interview Question #7,2023-01-10,258789,34091,141,Jan
50,drFIDUbDmq0,Why should we hire you? Interview Question #6,2023-01-09,760976,91537,281,Jan
51,hasloamb29o,What is your Strength? Interview Question #5,2023-01-06,414675,52943,165,Jan
52,u3FtKYm6ykE,How to say I don't know in Interviews | Interview Qs #4,2023-01-04,1991352,240488,742,Jan
53,ICJVW8KcWWs,Can you become Software Developer without Btech? | Bsc/MCA student | Alpha Course Review,2023-01-03,321637,12229,1068,Jan
54,aT3oNWL2Ec4,Alpha Course Review | How is Alpha batch? Placement Stories | @ApnaCollegeOfficial,2023-01-01,118239,5568,447,Jan
55,sLy0YhyubPs,Don't miss this -  Year End Surprise üî• | for all Coders | Happy New Year to you all ‚ù§Ô∏è,2022-12-31,129858,9183,636,Dec
56,-C07a0AULWQ,Biggest Surprise for all Coders | New Office üî•|  Launching Alpha 3.0 & more | @AmanDhattarwal,2022-12-29,931120,29805,2000,Dec
57,MItn2oV4VKM,What's coming in 2023? Big Announcement for all Coders‚ù§Ô∏è,2022-12-25,296851,15743,1395,Dec
58,P4Ow-tct640,Tell me your weakness | Interview Qs #3,2022-12-23,1233931,141143,244,Dec
59,oOHjhoDWOpE,True Package of Amazon SDE1 | Software Engineer,2022-12-21,204970,7528,566,Dec
60,O44ZKCXclnA,Tell me something not mentioned in Resume | Interview Question #2,2022-12-20,639701,74183,149,Dec
61,PeAEHNWjNXM,Did you know why apps do this?,2022-12-19,1660142,143281,770,Dec
62,HGAw-Fqy9Lc,Puzzles for Software Engineers | Google #24,2022-12-18,323344,23937,378,Dec
63,rtVbdyMbjRI,Tell me about yourself | Interview Question #1,2022-12-17,4434543,476560,530,Dec
64,dLQywM7uHUE,How to apply for Off-campus Internships? For College Students,2022-12-14,252470,14275,395,Dec
65,r5YXCN5pJyg,Puzzles for Software Engineers | MakeMyTrip #23,2022-12-13,355278,21610,230,Dec
66,UYQddvyCTVY,Puzzles for Software Engineers | #22,2022-12-11,248465,17981,213,Dec
67,Eq9evcrYN1w,Puzzles for Software Engineers | #21,2022-12-10,1799809,81434,2387,Dec
68,IF4HjQYl5jM,Off-campus Placements/ Internships | 3 Secret Sauces!,2022-12-09,141078,8683,326,Dec
69,7lN_YE9RZbw,Puzzles for Software Engineers | Google #20,2022-12-07,241976,19086,184,Dec
70,m9zawMC6QAI,Trie Data Structure | Java DSA Course,2022-12-06,73178,2095,211,Dec
71,9j1KaGHvBEI,Puzzles for Software Engineers | Intuit #19,2022-12-05,411977,29145,429,Dec
72,ohX6dzBwjCc,Are College marks Really Important ? How much GPA is enough ?,2022-12-04,138569,7732,419,Dec
73,vjeEOTI3tXU,Puzzles for Software Engineers | Amazon #18,2022-12-03,511466,42514,619,Dec
74,u2XVO6g-paY,Puzzles for Software Engineers #17 | for students,2022-12-01,6126720,342287,9487,Dec
75,wyxtjs-kGoc,@ApnaCollegeOfficial   3 Million Subscribers Specialüî• | ft. @AmanDhattarwal,2022-11-30,317119,18399,1160,Nov
76,8GwCPCUzH1w,Puzzles for Software Engineers | Microsoft #16,2022-11-27,984627,66354,1694,Nov
77,elmI5mgY1ns,Puzzles for Software Engineers | Hitachi #15,2022-11-26,801907,49289,1171,Nov
78,WAtQzfJcy5s,Why are Companies Laying off Employees?,2022-11-25,554539,21687,770,Nov
79,ffuK6vt8tdY,What to do in College 3rd year? | Software Engineering Roadmap,2022-11-24,179043,9755,419,Nov
80,rTRcntABSZ4,Hashing in Java | One Shot | 5 Best Questions,2022-11-23,56194,1417,150,Nov
81,dIuSKJniwEM,Puzzles for Software Engineers | Apple #14,2022-11-22,298854,24695,254,Nov
82,x7OSb4lKQbM,3 Resume Mistakes you must avoid | Why is your resume getting Rejected?,2022-11-21,319795,13370,342,Nov
83,1r-8fc7LMHo,Puzzles for Software Engineers | Google #13,2022-11-20,1980475,125126,3269,Nov
84,nnsrwPu-MWo,Coding Technologies to learn in Collegeüî•,2022-11-19,374616,22798,857,Nov
85,k7fICVfS60I,Puzzles for Software Engineers | Google #12,2022-11-18,275714,22987,637,Nov
86,IuWO63E-Kqs,Puzzles for Software Engineers | Microsoft #11,2022-11-17,1325609,71724,1329,Nov
87,iKnC5_17cTY,3 Things to look for when buying a Laptop,2022-11-16,1121085,138592,562,Nov
88,ALJ-AQpQvNM,Puzzles for Software Engineers | Google #10,2022-11-14,11642737,684818,17806,Nov
89,XjkU6GfTUME,Off-campus Placement 1 Crore+ Package | FAANG Off Campus | Youtube Student Interview,2022-11-13,252220,12264,544,Nov
90,8NKPVlYcBxI,Why are Layoffs happening?,2022-11-10,371889,31277,402,Nov
91,tL1UASLn-Js,5 Websites for Freelancing,2022-11-08,434963,57567,122,Nov
92,KDZ_IXvpMG4,HashMap Implementation in Java | HashMap | Java with DSA,2022-11-07,100500,2970,318,Nov
93,GurrXDTnKs0,Tech related Job without Coding,2022-11-07,603610,58846,376,Nov
94,h0ZGxsPxncA,Google Managers say Certificates ...,2022-11-04,449775,56951,240,Nov
95,DZjrmtFUsrE,5 Easiest Coding Language to learn (my opinion),2022-11-03,1024213,126700,379,Nov
96,8dzDzFbOQ4g,Tier 3 to Tech Company | Paid his college fee | Alpha student | Review,2022-11-01,175026,10640,794,Nov
97,BGp8fkpQu2M,Is English Compulsory for Coding Interviews? Software Engineers,2022-10-26,884322,97816,318,Oct
98,a_ac2tKmEKw,Happy Diwali to you and your family | Diwali Dhamaka ‚ù§Ô∏è,2022-10-24,109190,6778,615,Oct
99,1LcA_A4A-lc,Puzzles for Software Engineers | Amazon #9,2022-10-21,380036,31574,826,Oct
100,I1HTOu9Nljk,Bullet Bike Prize | Gave him a Surprise | Keep Working towards your Goals,2022-10-19,242738,9729,514,Oct
101,nIj2etyEhwo,Can Tier2/3 College students get good Placements? Indian Package,2022-10-18,117550,5978,429,Oct
102,ksu0_iTnOBY,"Mujhe Nahi Pata, Mujhse mat pucho na | Alpha‚ù§Ô∏è | Not an Educational Video",2022-10-17,403394,18570,641,Oct
103,Gn5oj3vTJv4,Mechanical Branch to Tech Placement | Alpha Interview | @ApnaCollegeOfficial,2022-10-14,213393,10617,895,Oct
104,5jS-agcQgfM,"Big Revolution | Placement ho to Alpha, nahi to course to college bhi karate hai |",2022-10-12,769978,41750,3186,Oct
105,_8gq4AKtCXw,Kaash ye humne pehle kia hota | Big Reveal | India's Biggest Problem,2022-10-11,190778,9263,508,Oct
106,wV2aJhbTcLo,Puzzles for Software Engineers | Microsoft #8,2022-10-09,1040489,76137,1383,Oct
107,Z557Ip9dhRc,What is 2.0? | Big Announcement for you all Coders‚ù§Ô∏è,2022-10-07,463976,28347,1751,Oct
108,7vRBCLPPGME,Puzzles for Software Engineers | Bloomberg #7,2022-10-06,675903,52552,2263,Oct
109,ZY2esFbD9uY,What happened at Airport ? Happy Dussehra üî•,2022-10-05,1240499,73064,513,Oct
110,m6EjUAHwaRY,Puzzles for Software Engineers | Amazon #6,2022-10-03,2095337,146112,4448,Oct
111,ugn5t8xGHio,Puzzles for Software Engineers | Google #5,2022-10-01,8912101,457890,13164,Oct
112,XF4l1T8kLUo,Puzzles for Software Engineers | Amazon #4,2022-09-30,6871812,407869,18240,Sep
113,7fHBgiruWI0,Puzzles for Software Engineers | Google #3,2022-09-29,7848422,361056,28780,Sep
114,uoE5wQGCAwY,Puzzles for Software Engineers | Microsoft #2,2022-09-27,2589271,140128,2589,Sep
115,9uOsB39DwGM,Puzzles for Software Engineers | Apple #1,2022-09-26,5772947,257713,4593,Sep
116,Zff3rUY0iGg,How to Study MORE in LESS TIME üî• | 5 Principles | for students,2022-09-24,5457028,265594,3712,Sep
117,Vknjkmu7hgc,Can we control things with our brain? Brain Computer Interfacing,2022-09-21,713110,79130,359,Sep
118,Z7dZWbMtlY0,New Jobs because of Automation,2022-09-19,495860,46846,300,Sep
119,brdX6IiPW3k,What is sunk cost fallacy?,2022-09-18,672376,52432,244,Sep
120,2VNO-UJB2PE,Magic or Myth? The Golden Ratio | Fibonacci,2022-09-17,189746,14422,671,Sep
121,bLmrMrqRDTo,What is Negative Code?,2022-09-16,674640,68879,213,Sep
122,AQNBlnin1HU,What is the Merge? In Hindi,2022-09-13,439416,42468,209,Sep
123,C2QoDC1rka8,What should you do in 2nd year of college? 2nd Year Roadmap,2022-09-10,297619,18152,1104,Sep
124,JuxaewFpmGI,5 Skills you need for Interviews |  @ApnaCollegeOfficial,2022-09-09,753020,86047,274,Sep
125,nsIQChtkTyU,3 Major Technologies that failed in last 10 years,2022-09-07,1481765,101789,158,Sep
126,2pn8yNLh6sk,How to take Better Decisions? 3 Tips,2022-09-04,692798,77516,355,Sep
127,ekQLGA2xHgk,Watch this before you start Coding! | 10 Tips for Coders,2022-09-03,1106452,56743,1822,Sep
128,0C7Wx5cLEiQ,How to Balance College Life? Is Multi-tasking good?,2022-09-01,383547,52478,212,Sep
129,Pt1KGG26RKU,What to do in College? 1st Year RoadMap,2022-08-31,790509,49794,2315,Aug
130,s3xw_c2i34s,Should I pay for an Internship? For College Students,2022-08-30,291866,31368,173,Aug
131,kQI7rwIIWyw,Tech Companies that got Hacked!,2022-08-29,700911,64850,181,Aug
132,3OxllpMRU9E,"Don't wait for Motivation, lead with Action",2022-08-27,215442,31791,163,Aug
133,5sa738YvYVE,3 Best Code Editors for Programmers | Software Engineers,2022-08-26,784665,83954,520,Aug
134,7zitoUc_rd8,Software Engineer Salary Packages | The Reality of CTC,2022-08-24,3771877,312477,965,Aug
135,Huyv89BHFow,You should know this in College,2022-08-20,477428,54957,262,Aug
136,FKVf1E78Wb8,How to make Notes for Coding? Data Structures & Algorithms,2022-08-18,801404,39438,1385,Aug
137,5i-etFWWlCE,How to get the best out of College Life? One Tip,2022-08-16,337655,44656,204,Aug
138,Zn9URTEJGf8,India - The Emerging Technology Leaderüî•,2022-08-14,499531,51864,237,Aug
139,DhbAlnVd98g,Why is your Resume getting Rejected?,2022-08-13,801949,98933,139,Aug
140,2-XBpzYLqB4,Surprise for all - Raksha Bandhan Special ‚ù§Ô∏è,2022-08-10,615097,34366,1896,Aug
141,ZFoCzPU7GSQ,3 Reasons why you should have good GPA in Engineering!,2022-08-09,549420,56437,215,Aug
142,_hC-upJ5aAE,3 Benefits of being a College Student | School Student,2022-08-05,1895242,222092,528,Aug
143,WeF3_nk-UqY,HashMap in Java | Hashing | Java Placement Course | Data Structures & Algorithms,2022-08-02,263466,6815,927,Aug
144,tTQFObPYa-w,Bahut Jageh Hai! | Alpha ‚ù§Ô∏è | Not an Educational Video,2022-07-29,981060,36988,1121,Jul
145,RUwn-5hrQQM,Alpha is now going International | Good News | @ApnaCollegeOfficial,2022-07-27,181014,10467,828,Jul
146,JbNOjPjQQEM,Launching Apna Community ‚ù§Ô∏è | for all Students,2022-07-25,194792,12740,823,Jul
147,WGlFrt9FiJE,ALPHA Launched üî•| Aapke Jabardast Response ne Website kari Crash üî•,2022-07-21,1013706,67422,6720,Jul
148,4x7dVcCWkmI,Teaser | Launching Alphaüî• : Tomorrow ‚ù§Ô∏è  | #shorts,2022-07-20,424250,29750,343,Jul
149,1BDWECwY64Q,3 Tips to grab Internships,2022-07-14,756253,96065,435,Jul
150,UOJZTqA5Loc,What is SQL? Future Career Scope & Resources,2022-07-12,836053,33746,1371,Jul
151,H7gSdQ9ipd0,Are Coding Certificates Important? AWS Certificates | AWS Certification Guide,2022-07-11,304418,15125,635,Jul
152,mQPwauiXFUo,My school taught me - Self Appreciation,2022-07-09,461477,55489,296,Jul
153,eJiGN1h8XzM,HashSet in Java | Hashing | Java Placement Course | Data Structures & Algorithms,2022-07-04,174721,4355,487,Jul
154,2JQn9QxU1-s,Is this a good laptop for students? | Unboxing Tech for Students | Infinix INBook X1 Slim,2022-07-01,1521957,59190,3438,Jul
155,yogmzgas5xc,Important Learning from Chanakya,2022-06-29,607558,69272,228,Jun
156,2UZ_veozgS4,One thing you must practice in College!,2022-06-25,523257,57354,252,Jun
157,jIrG-OxhnQ8,How do Speed Cameras work?,2022-06-20,4076311,234650,726,Jun
158,BSGcQi2WNPg,What is Amazon Web Services? AWS Explained | Tutorial & Resources,2022-06-18,910778,19679,761,Jun
159,PIGrPkNPz1k,Software Engineer Promotions | What are the levels of Software Engineers in Companies?,2022-06-16,323554,15092,679,Jun
160,gUIc2eE0lRA,Do this in your Exams!,2022-06-13,1342496,162761,545,Jun
161,PBN3Cv2Aq8Y,Is this a SCAM? Planned Obsolescence!,2022-06-10,4196603,282389,1804,Jun
162,JYnEbcTCyVI,Complete Placement Guide üî• | How to study in Last 3 Months? @ApnaCollege,2022-06-09,635810,33950,786,Jun
163,amk-ClIuQKI,Why do we use QWERTY Keyboards?,2022-06-08,10476380,724465,3204,Jun
164,7vPd1ArdeiU,How to get rid of bad habits?,2022-06-06,640164,62943,809,Jun
165,xeUuJzHwqyQ,A Burning Desire is NOT enough without Action.,2022-06-05,599030,72491,435,Jun
166,Qkrt-tKBl9k,How Whatsapp Earns ?,2022-06-01,1662987,136382,323,Jun
167,xj3QNYuKFK4,How to write Code in Interviews? | Placement & Internship Edition,2022-05-31,368259,16614,494,May
168,xh79e5mA2Yo,Bloopers - First Time in India in Teaching | Golden Hat-trick,2022-05-29,2893396,205775,866,May
169,qAeitQWjNNg,Binary Search Trees | BST in One Video | Java Placement Course | Data Structures & Algorithms,2022-05-28,241120,5511,388,May
170,kE1sWLcoL60,How will 5G network change India?,2022-05-26,1292665,122603,1708,May
171,RXk9tndVOAg,IPL Live Streaming | How does Online Video Streaming work?,2022-05-25,438609,20262,764,May
172,Y9oGAVuc2To,Was Facebook not Mark Zuckerberg's Idea?,2022-05-23,1330208,139207,487,May
173,3xC0F9bj9FU,How to build Strong Programming Logic? | College Placement & Internships,2022-05-20,599588,29463,1001,May
174,iELBsXEt2vc,What we CANNOT learn from Technology?,2022-05-18,623349,68018,269,May
175,bR17XCHEGBI,Can computers create Art?,2022-05-16,376977,39081,218,May
176,RB8hM6MG77U,Summer Vacation Plans for College Students,2022-05-14,216624,12611,845,May
177,fYnO6NJdpWM,What is your Superpower?,2022-05-12,255902,30151,189,May
178,TU-13Dzv9pM,How to Prepare for Core Placements? | Step by Step | Resume Building,2022-05-10,101181,5159,314,May
179,rFxlfWO7CWk,Biggest Startup Fraud,2022-05-07,3535174,272166,876,May
180,VVvVxMOrh14,Ab India seekhega Coding ‚ù§Ô∏è,2022-05-04,18189350,866344,3803,May
181,9FT8ZeF44YM,3 Tips for Interviews,2022-05-01,845483,95824,180,May
182,u6Xsayqxij0,Guaranteed Placement DSA Sheet | Tech Placement,2022-04-29,695486,35819,1353,Apr
183,KwDmdz7UIXg,Elon Musk v/s Twitter,2022-04-28,451732,34917,158,Apr
184,AgyTHzjBS-c,How much Coding to learn for Placements? Data Structure & Algorithms,2022-04-27,1287634,59280,1305,Apr
185,O_CxjHkAelg,"Why do we write ""Hello World""?",2022-04-25,381499,35145,253,Apr
186,afV7FP_1wbk,China does not use Google,2022-04-23,2402161,193702,539,Apr
187,jp9uVuD0J4c,Weirdest Programming Languages of the World,2022-04-23,843347,69626,370,Apr
188,P0xi93jIi9s,This 15 year old boy HACKED NASA,2022-04-21,3352757,280072,1264,Apr
189,TpN9XEStbNQ,How to protect your eyes from Mobile/Laptop ?,2022-04-20,3332222,278654,925,Apr
190,WAjxrgYGs6g,Should you join a Startup in 2022?,2022-04-19,81707,4992,283,Apr
191,WUc-HnOWmVQ,Top IT Companies that recruit Engineering Freshers,2022-04-18,617946,48277,206,Apr
192,MkcfB7S4fq0,How to Start Web Development? Complete Roadmap for FullStack Developer | 2022,2022-04-16,2037242,108085,3052,Apr
193,djYrmRzQMeE,5 Things about Microsoft you didn't know,2022-04-15,556795,53435,223,Apr
194,UbIhprsWYKI,Top NITs of India & their Placements (2019-2020),2022-04-14,989657,65771,581,Apr
195,Ckpp9kRV2Z8,5 Most Expensive NFTs!,2022-04-13,174337,10333,95,Apr
196,vouCwkWaog4,7 Best Websites for Internshipsüî•,2022-04-12,783979,103096,230,Apr
197,YL7bhSCb9gk,Why do you Procrastinate? 5 Steps to BEAT IT.,2022-04-11,585560,43170,1068,Apr
198,SYQtz23NACQ,How to beat Laziness?,2022-04-10,766822,93303,237,Apr
199,HYJZ0CYw3hk,3 Coding Languages for 2022,2022-04-09,3642194,375074,1493,Apr
200,AjCJtT_qkKI,How to make money from Coding? 5 ways to earn without a job or degree,2022-04-08,1262145,68458,892,Apr
201,X-cdWlx7hQI,Why is Coding Important?,2022-04-07,5666224,537514,1307,Apr
202,4HaeFkzfy20,Why Google was a mistake?,2022-04-05,1566208,125620,175,Apr
203,5-V0-y1iP3Q,React Native vs Flutter | Which one should you Learn in 2022 ?,2022-04-04,352117,11934,626,Apr
204,9lkQUS2bPCY,3 Best Websites for College Students,2022-04-03,2006218,212556,222,Apr
205,ElCkr9BOkG8,A brief history of Youtube,2022-04-02,302449,22831,92,Apr
206,kE5QWhrNjqY,Competitive Programming - How to Start? Complete Guide,2022-04-01,381084,22480,694,Apr
207,hIiz8Km2tpo,5 Tricks of Google Search,2022-03-31,11074480,866824,1458,Mar
208,uULy2rc6YDc,How to become a Blockchain Developer in 2022?  | üî• Complete Roadmap + Salary + Tech Stack,2022-03-30,1081672,35954,1675,Mar
209,TEnks7wOBKs,How to make the Best Time Table? | Time Management for Students,2022-03-29,1027675,60799,1058,Mar
210,px7PkuWSrLw,Is being Lazy good for you?,2022-03-28,147500,15668,122,Mar
211,83NgW2D8dfY,3 Mistakes we do while Studying,2022-03-26,1436483,158005,610,Mar
212,HcOc7P5BMi4,HTML Tutorial for Beginners | Complete HTML with Notes & Code,2022-03-22,5662957,156452,8988,Mar
213,aqja_mp_A9Q,Time is NOT Money,2022-03-20,203380,24306,192,Mar
214,t8ffBh0B2ak,One thing we think of many times in our life,2022-03-18,281225,25743,156,Mar
215,83BgsqvQzkQ,How to prepare for Offline College Exams? 5 Life Saving Tips,2022-03-14,250134,17019,546,Mar
216,ZejKrRhE6qA,How to Increase Self Confidence?,2022-03-11,1543016,203704,571,Mar
217,irqbmMNs2Bo,C Language Tutorial for Beginners (with Notes & Practice Questions),2022-03-06,15161826,280924,16243,Mar
218,FckrkTwzzjs,1 Tip to Manage Stress,2022-03-03,275129,29517,184,Mar
219,LVFQu_piWsE,Government or Private | What job to do?,2022-02-28,373190,18303,1185,Feb
220,p_5TWTNOtUQ,How to Save Money in College?,2022-02-27,557799,49041,529,Feb
221,pZdIiVDeAgU,3 Steps to ACHIEVE MORE in LESS TIME,2022-02-25,537426,60482,161,Feb
222,sAlxN59cwXA,10 Career Options after BCA in 2022,2022-02-24,901729,45463,2526,Feb
223,hzdc6NIMdTY,3 Tips for taking Notes,2022-02-22,4661069,381829,1363,Feb
224,GLEoU0FfTPw,One Lesson from Olympic Winners,2022-02-21,339233,42634,284,Feb
225,zlZ_dupXxE0,How to Hack Password?,2022-02-19,3859210,172324,4681,Feb
226,nDXX6LIJx8A,Is Linux better than Windows?,2022-02-18,476152,22934,1345,Feb
227,KUv_AAUea7E,The 90 Minute Rule for better Sleep!,2022-02-16,4343839,343516,997,Feb
228,yUaJCjiPBnY,Career Options after Btech/BE in 2022 | 15 Different Paths,2022-02-15,782638,33735,2086,Feb
229,zTgYjW5roxk,Engineers after Valentines Day‚ù§Ô∏è,2022-02-14,291561,22318,442,Feb
230,GOiDf1wSMts,C++ or Java | Which coding language to learn?,2022-02-11,707361,36310,1219,Feb
231,szhSdCifQgE,How to join ISRO ? | How to become a Scientist in ISRO? Full Information,2022-02-10,890400,39310,1105,Feb
232,C4bOz88QG5w,5 Secrets Behind Success in Life | by Aman Dhattarwal,2022-02-08,407026,48774,87,Feb
233,1NqKgTxJwDQ,Why should you not code?,2022-02-07,446517,25460,1151,Feb
234,-DzowlcaUmE,Binary Tree in Data Structures | All about Binary Tree | DSA Course,2022-02-06,799752,15190,587,Feb
235,VmiwbpD-TYc,Core Branch - Should you Learn Coding? | Tech Placement Special,2022-02-04,292764,15337,964,Feb
236,j1Hivf4wsgw,Why we Don't have Enough Time?,2022-02-03,473932,55871,261,Feb
237,xtg75m7NfZQ,5 Things I wish I knew when I started Programming,2022-02-02,497886,29964,806,Feb
238,4bIwBQVK5dc,iPhone has a Secret Button,2022-02-01,1253023,99379,694,Feb
239,tG7Zk0HntYM,How much Sleep do you Actually Need?,2022-01-31,351276,24904,797,Jan
240,N_qGjCQwjJo,"1 Thing for Long Term Success | It's Not Talent, IQ or Money",2022-01-29,577149,80850,353,Jan
241,_0hhgW4YCLs,What are NFTs? Simply Explained | Non-Fungible Token,2022-01-28,654383,33247,983,Jan
242,eKqY-oP1d_Y,How to Start Coding? Learn Programming for Beginners,2022-01-25,4187662,192090,3380,Jan
243,OLVUrgQ_BbA,Tell Me About Yourself | How to Introduce Yourself in Interviews? Best Answer,2022-01-24,1336636,46576,581,Jan
244,B-x1hnmTn8E,How to Stop Distractions & Increase Focus?,2022-01-21,448445,29065,878,Jan
245,NJUQNWpObkg,Are You an Introvert? Is it good in 2022 ?,2022-01-17,321389,21397,1107,Jan
246,_N6j8HXPt2U,4 Years of Coding in 4 Minutes - A Short Movie,2022-01-14,7349868,284450,4920,Jan
247,AtKGZyJ_sbc,QnA with Aman Bhaiya & Shradha Didiüî•| Special Event | @ApnaCollegeOfficial,2022-01-11,546352,28860,765,Jan
248,va_6RmSrKCg,Complete Queue Data Structure | in One Shot | Java Placement Course,2022-01-10,244723,4745,306,Jan
249,D2-puZiUyyI,1 Lesson to learn from Billionaires,2022-01-09,392357,54173,209,Jan
250,w9gwV8cCMaQ,How to Manage College Study & Coding together? 3 Simple Tips,2022-01-08,538742,34133,1020,Jan
251,ZB-7eq4txjA,Top 5 Coding Languages for 2022 | Opportunities & Packages,2022-01-06,476516,25377,828,Jan
252,PrHhMytCgG8,3 Steps For More Productivity in Life,2022-01-04,1616936,187457,471,Jan
253,iH3P3HeF6pE,5 Coding Myths | This can save your years,2022-01-03,378031,21675,650,Jan
254,pPb8RYMHbbA,This company gives FREE cookies,2022-01-02,1876280,131029,672,Jan
255,ToZSFHUJdHM,What is Coding? How to Learn as Beginner? 2022,2022-01-01,1405465,73403,1190,Jan
256,6uWgManShNw,Should you do a Start up in 2022?,2021-12-31,287770,24522,184,Dec
257,EFUD2MulXY0,5 Tools that make you Code Faster | using VSCode Extensions,2021-12-29,672287,28823,662,Dec
258,MsP19NXyw7g,Don't do these 3 Mistakes in College | Placement Special,2021-12-28,151012,10753,306,Dec
259,RNh8VHc8qkk,All about Digital Marketing | Simply Explained,2021-12-25,1167735,46686,1266,Dec
260,7m1DMYAbdiY,Stack Data Structure in One Video | Java Placement Course,2021-12-24,315003,6233,206,Dec
261,_T4Y4vbjysE,2 Years of College in 20 Seconds,2021-12-22,201205,9198,117,Dec
262,rJ1iA-33fss,"All about Game development | What to study, jobs, packages? Simply Explained",2021-12-20,1053991,54538,1144,Dec
263,p_5Hu51STk4,3 Things You MUST Do in College,2021-12-19,617480,59344,177,Dec
264,gY5sGvq-8h8,ReactJS Tutorial for Beginners | Learn React in 2.5 Hours | Part 1,2021-12-17,560189,13431,627,Dec
265,QXum8HQd_l4,Quick Sort For Beginners | Java Placement Course | @ApnaCollegeOfficial,2021-12-15,270840,5809,295,Dec
266,5QUSeBAMjoo,Why so many Coding Languages are created?,2021-12-13,443030,25804,880,Dec
267,unxAnJBy12Q,Merge Sort | For Beginners | Java Placement Course,2021-12-12,311292,6235,262,Dec
268,fYvmhGTfQzs,Elon Musk : The World is NOT Real | Do we live in a Coded Simulation? | The Matrix Special,2021-12-10,136754,9039,436,Dec
269,U4p-QIvl1-8,400+ Jobs | Cloud Career Fair by Microsoft & Monster Jobs | Velocity 2021,2021-12-08,82786,4847,227,Dec
270,tRj4VlVTat8,Java Sudoku Solver | Backtracking | Java Placement Course,2021-12-07,152428,3847,239,Dec
271,iuh8-dGrFbE,How to stay Motivated for your Goal?,2021-12-05,2221028,230785,1350,Dec
272,rJ1Qao09CFI,What is AI? Artificial Intelligence Explained,2021-12-04,332858,18221,631,Dec
273,vLqTf2b6GZw,Python Tutorial for Beginners | Learn Python in 1.5 Hours,2021-12-02,5262046,150404,4511,Dec
274,bRs6E_SL2Tk,Backtracking | N Queens Problem | Permutations |  The Java Placement Course | Apna College |,2021-12-01,212070,4150,311,Dec
275,otkpUBKqCCQ,Job Interviews | 5 Super Tips to Crack Online Job Interviews,2021-11-30,113351,7205,446,Nov
276,lCRFpaykm9I,3 Tips to have More Confidence | Simply Explained,2021-11-29,2243712,233804,539,Nov
277,Dm0K3x9yCkg,How to Host a Static Website?,2021-11-28,184601,4377,384,Nov
278,tGDQuWDk2Z8,iPad | Should you buy it?,2021-11-27,2608964,177048,1184,Nov
279,3qCJOWspNnU,How Google defeat its Competition? Simply Explained,2021-11-26,212787,13786,505,Nov
280,pCj0Jr-ktp4,How to make a Great Project for Internships & Placements?,2021-11-24,1176900,51400,1062,Nov
281,cL4gHVuFOvk,Most IMPORTANT Linked List Questions for Placements | Java Full Course,2021-11-22,158962,3380,233,Nov
282,-203GRSHJ3Y,College Shopping | What all things to buy for College,2021-11-21,1232806,77736,1935,Nov
283,WM4qpxQ71KQ,Top 3 Languages to Learn for GSoC 2022,2021-11-20,153180,8697,321,Nov
284,t7YaoQOFXzk,How to Reverse a Linked List? | Iterative + Recursive | Java Placement Course,2021-11-19,175362,3178,158,Nov
285,u49MZH-FFa4,5 Top Skills to Learn in College,2021-11-18,7520601,787675,1333,Nov
286,oAja8-Ulz6o,Introduction to Linked List | Data Structures & Algorithms | Java Placement Course,2021-11-17,663000,13323,610,Nov
287,XuGaq24wixg,Creating a CRUD App | DOM Manipulation | Javascript | Web Development Course | Part - 2 |,2021-11-16,163262,2962,152,Nov
288,VphowcSkBX4,Java Collections Framework | Java Placement Course,2021-11-15,284534,6807,153,Nov
289,2l_8ZKRfz_k,GSoC 2022 Announced | Big Changes | NOT JUST FOR STUDENTS | by GSOCER,2021-11-15,134700,8377,305,Nov
290,bP7ZBMYpRwc,Competitive Coding vs Development | What to do for Placements ?,2021-11-14,199681,11523,427,Nov
291,P_e_6rL3kgk,How to Make New FRIENDS in College? | 5 Easy Tips,2021-11-13,509932,32553,1079,Nov
292,liFyhzZl9uw,ArrayList In Java + Notes | Java Placement Course,2021-11-12,303746,7356,239,Nov
293,fYR3i0mcE5c,DOM Manipulation | Javascript | Web Development Course,2021-11-12,159833,3319,163,Nov
294,jtn-hRJjl68,What is Data Science? | Complete RoadMap | Simply Explained,2021-11-11,1565458,76395,2180,Nov
295,MvEBc_60OmM,Software Engineers | 3 Things you didn‚Äôt know,2021-11-11,2939367,271722,706,Nov
296,PkJIc5tBRUE,"Sorting in Java | Bubble Sort, Selection Sort & Insertion Sort | Java Placement Course",2021-11-10,594744,11397,355,Nov
297,4ZSL8_zlq9Y,Exercises for Objects | javascript | Web Development Course,2021-11-10,43201,839,52,Nov
298,shoQfc0cJp4,Why People Quit Coding? 3 Major Reasons,2021-11-08,1239416,65950,1939,Nov
299,aHPK2rsonZA,What is this keyword? | Javascript | Web Development Course,2021-11-07,51177,1229,88,Nov
300,101q0HoCDKs,What is Hoisting? | Javascript | Web Development Course,2021-11-06,59608,1480,87,Nov
301,bSrm9RXwBaI,Java OOPs in One Shot | Object Oriented Programming | Java Language | Placement Course,2021-11-03,2119837,46151,1535,Nov
302,koNiEIfo5jY,3 Life Saving Websites for Coders!,2021-11-01,305974,20325,405,Nov
303,jX8PbaReV5Q,One Word that can make you Productive | Learn to say **,2021-10-29,380163,39190,314,Oct
304,7n8kPBPzy5I,Web Development Course | Scope in Javascript | In Depth,2021-10-28,83286,2551,125,Oct
305,jfC_Ih_hYIA,One Mantra for today‚Äôs Digital Age | for students,2021-10-27,3042780,258123,1244,Oct
306,tBisiZf885o,Why is Steve Jobs considered a genius? | 5 Lessons from his Life,2021-10-26,134131,11686,308,Oct
307,OSoO8eCEEC8,Bit Manipulation | Java Placement Course | Lecture 15,2021-10-25,301990,6335,303,Oct
308,jOn8kv7SaZ8,Coder with these 3 things will have an Edge! | How to make Coding fun ? | 2021-22,2021-10-23,121340,8964,343,Oct
309,GXONlNAnmNU,Exercise for array ÔøΩ Lecture 24 ÔøΩ Javascript,2021-10-22,59391,1123,77,Oct
310,aDflzFzyg3Q,NSUT vs DTU vs IIITD vs IGDTUW | JAC Delhi Counselling 2021 | 46 Branches Order,2021-10-21,106524,3667,894,Oct
311,XrAyzuNanZo,How code gets executed in JavaScript? | Lecture 25,2021-10-21,46165,1254,73,Oct
312,A4sxvx5NBuk,2 Tips for New Coders | Most Frequent Mistakes,2021-10-20,886065,95525,456,Oct
313,Oud4alVQU4s,Operators & Binary Number System | Java Lecture 14,2021-10-19,330700,7152,384,Oct
314,PHAGTPlew_k,Remember this in Life - Do this whenever you have to add someone in your Team,2021-10-17,138155,8955,167,Oct
315,4zL85-xylG4,QNA - Session for College Students | Year Gap Matters? | ML & AI | Internships etc,2021-10-16,97118,5764,561,Oct
316,QrFYRTcKXAU,Everything about Arrays | Javascript Lecture 23 | Web Development Course,2021-10-15,73399,2048,72,Oct
317,0QSSUHTJ-sU,What is a Class? Javascript Lecture 22 | Web Development Course,2021-10-14,59629,1330,56,Oct
318,ojHJK6K_EdA,Most Important Skill of this Decade and How to Master it?,2021-10-13,242277,19124,450,Oct
319,ZLDwskEhIFg,String Builder | Java Placement Course Lecture 13,2021-10-11,394060,8349,523,Oct
320,iZen_amj7OE,3 Mistakes You Must Avoid in College ‚ùå,2021-10-10,2379363,214674,1172,Oct
321,xw0J0v3Zkuo,Objects Exercise | JavaScript | Lecture 21 | Web Development Course,2021-10-09,53890,1245,77,Oct
322,vCRD36bG8xQ,Strings | Lecture 12 | Java Placement Series,2021-10-08,575666,11681,469,Oct
323,QIKQEKm0qIE,Will Artificial Intelligence & Automation take your Job?,2021-10-07,393934,23319,1544,Oct
324,wioAFuHzcao,I Resigned as a Software Engineer from Microsoft,2021-10-02,2476294,133169,4099,Oct
325,VoofwdxrTt4,College Admission - 5 Important Things you Must Know Before College Admission,2021-10-01,134971,8060,582,Oct
326,18Zt5I4S45o,2D Arrays | Java Complete Placement Course | Lecture 11,2021-09-30,508885,10556,487,Sep
327,LgZZLeWKGsI,Everything about Objects | Javascript Lecture  - 20 | Web Development Series,2021-09-30,119466,2214,141,Sep
328,vP3TRAsjZss,Front End vs Back End - Which one is good for you ?,2021-09-28,753161,34379,762,Sep
329,4RjmmZnDFVA,Coercion and Type Conversion | Javascript - Lecture 19 | Web Development Course,2021-09-27,63323,1606,67,Sep
330,NTHVTY6w2Co,Arrays Introduction | Java Complete Placement Course | Lecture 10,2021-09-26,817828,16304,487,Sep
331,bQssdSrSGNE,Basics of Time Complexity and Space Complexity | Java | Complete Placement Course | Lecture 9,2021-09-24,570222,12497,342,Sep
332,N8GASXniB6A,Exercises using Strings | Javascript Lecture 15 | Web Development Course,2021-09-24,27603,786,86,Sep
333,Ibx2Ri5Blh0,Which one to Choose - Web Development vs App Development ?,2021-09-23,1482906,72011,1923,Sep
334,pFPZ83mgH00,Functions in Java | Practice Questions | Complete Placement Course | Lecture 8,2021-09-23,361588,5889,219,Sep
335,qcSz4ef9UHA,Functions & Methods | Java  Complete Placement Course | Lecture 7,2021-09-22,849085,16113,569,Sep
336,vCZqAriaPZw,Reference Datatypes in JavaScript | Web Development Course | Javascript Lecture 17,2021-09-22,73738,1789,105,Sep
337,Dr4PpNa7AYo,Advanced Pattern Questions | Java | Complete Placement Course - Lecture 6,2021-09-21,658939,11980,672,Sep
338,vldRjjbcRXc,Javascript : Top 10 Websites to practice | Web Development Course | Lecture 18,2021-09-21,131531,4405,133,Sep
339,GjHNGM7KN3w,9 Best Patterns Questions In Java (for Beginners) | Java Placement Course | Lecture 5,2021-09-20,1302792,24414,1023,Sep
340,QaRxPjoeqL8,"IIT Roorkee College Review 2021 | Admission, Hostel, Placements | In Depth Review",2021-09-20,223963,9254,999,Sep
341,0r1SfRoLuzU,Loops in Java | Java Placement Full Course | Lecture 4,2021-09-19,1294042,25890,971,Sep
342,I5srDu75h_M,"Conditional Statements | If-else, Switch Break | Complete Java Placement Course | Lecture 3",2021-09-18,1542763,30738,1431,Sep
343,LusTv0RlnSU,Variables in Java | Input Output | Complete Placement Course | Lecture 2,2021-09-17,2793687,60589,2475,Sep
344,yRpLlJmRo2w,Introduction to Java Language | Lecture 1 | Complete Placement Course,2021-09-16,7034934,188268,4087,Sep
345,UZ32p89gH4A,QnA Session for College Freshers (new students) and Placements,2021-09-15,163363,10226,750,Sep
346,xZykmhcWGuY,Recursion One Shot - Advanced Level Questions | Placement (Tech),2021-09-14,187695,3640,204,Sep
347,cQYtzhaMvpA,This 1 thing will decide if we will have a Successful Engineering College Life?,2021-09-13,129182,11892,528,Sep
348,0hQPN4OQgU4,Strings in Javascript | Web Development Course | Lecture 13 & 14,2021-09-13,95614,2304,121,Sep
349,Z9U8e1OVsw8,This saved NASA's First Moon Mission,2021-09-12,129595,11215,357,Sep
350,uBypDN_Zr5I,How to do MCA from Top NITs ? | Packages | NIMCET,2021-09-11,473862,23047,1597,Sep
351,oBLNuNmRy5U,College Students Special | 2 Life Lessons College Taught Me,2021-09-10,157928,12702,572,Sep
352,u-HgzgYe8KA,Recursion in One Shot | 9 Best Problems,2021-09-09,476324,8527,452,Sep
353,5kY4Th53w70,Basics of Functions in Javascript |  Web Development Course | Javascript - Lecture 12,2021-09-09,112747,2868,116,Sep
354,yGrslRzyR78,Top 10 Websites for Jobs | Job Opportunities for students,2021-09-08,98339,5809,328,Sep
355,7xgJmIOG8GE,Loops in Javascript | Web Development Course | Javascript-  Lecture 11,2021-09-08,139940,3028,168,Sep
356,4_QfNyWEV8g,How to get into Stanford with 100% Scholarship ? Complete Podcast | Foreign Admission,2021-09-07,167716,8875,560,Sep
357,drt2sG-HQx4,How much does College Brand Name matters in Placements and Career ?,2021-09-06,212495,13513,779,Sep
358,B67X9xtOyuI,5 Github Hacks that you should know | for Coders,2021-09-04,300147,13140,362,Sep
359,VsEfh-EqNT8,Javascript | Lecture 9 & 10 combined | If else and switch statements | Web Development Course,2021-09-03,128088,3070,188,Sep
360,KZehm-meGMg,Why my Resume got selected in Google | Microsoft | Amazon | How to make Resume | Software Engineers,2021-09-02,1597096,57929,1496,Sep
361,5Boqfjissv0,Recursion in One Shot | Theory + Question Practice + Code | Level 1 - Easy,2021-09-01,619281,12554,607,Sep
362,aRFFOZxW8v0,How much Free Time do we get in Engineering ? For College Freshers,2021-08-30,162672,10418,644,Aug
363,e91hGbJ1AuY,All about BCA | Jobs | Packages | Best Colleges,2021-08-28,930436,43278,2573,Aug
364,34sQVC7QD4U,Microsoft Sent me Gifts ‚ù§Ô∏è | Unboxingüî•| Laptop | Goodies,2021-08-25,510926,24348,1055,Aug
365,Bs4w_o07wEo,Is BTech worth it in 2021 ? | Or should you choose BCA/BSc ?,2021-08-24,409589,24631,1637,Aug
366,WrBh3FSdgB8,Secret Room Date Reveal - Our Biggest Launch Till Date | Revolution 2.0 | Indian Education,2021-08-23,96076,5757,381,Aug
367,8C_kHJ5YEiA,What is Cloud Computing ?,2021-08-21,1007298,39805,1120,Aug
368,w8GEq18N1uU,How to Score 9+ CGPA in college | Online & Offline Semester,2021-08-20,576114,36206,1264,Aug
369,hg38QLJbmuc,5 Things you should know before Engineering :),2021-08-19,962112,51812,1231,Aug
370,ImGxZx12U4E,Mtech vs MS | What to choose ?,2021-08-17,178356,9122,613,Aug
371,bN6DE-4uFNo,Install VS Code In 2 Minutes | Windows & Mac | English,2021-08-12,667129,15406,687,Aug
372,n0kikYKo3nA,Biggest Enemy of our Success - How to overcome Fear of losing ?,2021-08-07,64980,5825,505,Aug
373,DJckAUyEwR0,QnA : Coding ke beginners doubt | Aapne coding kahan se seekhi ?,2021-08-05,224712,13681,745,Aug
374,vU3dL1cNqgQ,Job Interviews | Do not do these 7 Major Mistakes in Job Interview,2021-07-31,668548,32332,526,Jul
375,_FFRRMEXdBU,C or C++ | What coding language should you learn ?,2021-07-30,667891,35172,1246,Jul
376,f88s33eFGDo,Policy Based Data Structures | C++ Placement Course | Lecture 44,2021-07-26,117531,2251,412,Jul
377,iBOzTJaIoNM,Off Campus Placements | 5 Best Ways to search for Jobs Online,2021-07-25,381137,21256,622,Jul
378,iNHbQ0diNZc,Guide to Interactive Problems | C++ Placement Course | Lecture 43,2021-07-24,19536,510,57,Jul
379,XPedtcrgA4E,DQueary - SPOJ | C++ Placement Course | Lecture 42.4,2021-07-23,25513,449,50,Jul
380,hvPbIo09OTE,Tata | TCS Hiring Process | Simply Explained,2021-07-21,921162,36161,1355,Jul
381,0Cu9Kg7RJYg,Mo's Algorithm - Square Root Decomposition | Lecture 42.3,2021-07-20,26064,532,42,Jul
382,NreaqzAKvg0,RMQSQ - Spoj | C++ Placement Course | Lecture 42.2,2021-07-18,16140,370,69,Jul
383,gfwMYLQaZP0,Computer Networking Notes for Tech Placements,2021-07-17,175672,5866,543,Jul
384,tuxMRkKuP8Y,Square Root Decomposition - Introduction | C++ Placement Course | Lecture 42.1,2021-07-16,17887,392,34,Jul
385,PxbTUonOEME,Late Night Talk - How to get maximum out of your College years?,2021-07-15,194909,14077,672,Jul
386,ktP8QsPzKfs,Operating System Notes for Tech Placements @ApnaCollegeOfficial,2021-07-14,237607,7559,466,Jul
387,qvwdpqVvcRQ,Count Inversion - Fenwick Tree | C++ Placement Course | Lecture 41.3,2021-07-14,11146,262,35,Jul
388,kRfoq_9XJKY,Watch this before buying Laptop | Best Budget Laptops and Performance Laptops for all students,2021-07-12,1519808,57862,3731,Jul
389,08HzVTjCAsk,Point & Range Updates - Fenwick Tree | C++ Placement Course | Lecture 41.2,2021-07-12,10611,247,22,Jul
390,sTk5BxgxDDI,"Javascript | Lecture 6,7 & 8 Combined | Web Development Course",2021-07-11,238803,5283,495,Jul
391,fIQABUIeWYg,Fenwick Tree - Introduction | C++ Placement Course | Lecture 41.1,2021-07-10,14294,374,33,Jul
392,qTph1pj_rCo,@ApnaCollegeOfficial Which Coding Platform should I study from?,2021-07-09,907211,46343,1213,Jul
393,YH4aS0F0D8c,Intersecting Segments - Segment Tree | C++ Placement Course | Lecture 40.13,2021-07-08,9247,259,36,Jul
394,zSt-KI0HryY,Ways to add JavaScript to Web Pages? JavaScript : Lecture 5 @ApnaCollegeOfficial,2021-07-06,138654,3091,127,Jul
395,lPWCLJLokzs,Nested Segments - Segment Tree | C++ Placement Course | Lecture 40.12,2021-07-06,10409,271,51,Jul
396,f1oV46r69YM,DBMS Notes for College Placements | Data Base Management System |@ApnaCollegeOfficial,2021-07-05,411011,14371,727,Jul
397,UmnCZ7-9yDY,Java Tutorial for Beginners | Learn Java in 2 Hours,2021-07-03,3926733,106862,3253,Jul
398,iAvORz4ApbY,Quick Notes for Placements - Object-Oriented Programming | OOPS | Tech Placements,2021-07-01,279741,8140,418,Jul
399,Hu2UlulDGuI,IIT Kharagpur | College Review | All about IIT Kharagpur,2021-06-30,433644,21137,2133,Jun
400,Hooe5ORdFsc,First Element at Least X - Segment Tree | C++ Placement Course | Lecture 40.9,2021-06-30,11648,334,46,Jun
401,JdakjlFEAxc,How much Maths is needed as Software Engineers? by @ApnaCollegeOfficial,2021-06-29,295168,18332,713,Jun
402,WYiYkl-vPzo,First Salary best use (Personal Opinion) | What did I do with my first Salary ?@AmanDhattarwal‚Äã,2021-06-28,213640,19505,785,Jun
403,1AHKqRrJ8_s,Kth One - Segment Tree | C++ Placement Course | Lecture 40.8,2021-06-28,11197,274,35,Jun
404,hRaDYCHqFQQ,What is DOM (Document Object Model) ? | Javascript Lecture 4,2021-06-27,222514,5465,185,Jun
405,LYuJ2aT0UcY,Windows 11 vs Mac OS | Which one is better for students ? | in Hindi Language,2021-06-26,326060,16931,1286,Jun
406,uqBgvO5DAUc,User Snippets in VSCode | C++ Placement Course | Lecture 40.6,2021-06-26,42503,1126,69,Jun
407,bJhVFE-KhHc,Is English Important for Interviews of Tech Placements ?,2021-06-25,593676,32285,676,Jun
408,2lRQTdpwhFk,How JavaScript Works ? | Javascript - Lecture 3 | Web Development Course,2021-06-24,216642,5328,221,Jun
409,uZEbkca2yFM,Number of minimums on a segment | C++ Placement Course | Lecture 40.5,2021-06-24,11908,302,60,Jun
410,j8fubBAFq_I,Javascript - First Program Namaste World | Lecture 2 | Web Development Course,2021-06-23,498642,12658,529,Jun
411,B7wHpNUUT4Y,Javascript Introduction | Lecture 1 | Web Development Course,2021-06-22,978782,32150,869,Jun
412,payOcHP24NY,Maximum and Minimum Queries/Update | C++ Placement Course | Lecture 40.4,2021-06-22,14689,389,38,Jun
413,hcyzxsV4xsk,All about Non-Tech Placements | Top Salaries & How to prepare for Non- Tech,2021-06-21,176021,7508,415,Jun
414,nTOoQsvQLqg,How many Coding Questions should you do to become a Software Engineer | Placements,2021-06-19,162201,10113,392,Jun
415,c6GDAgiX5Yw,Query in Segment Tree | C++ Placement Course | Lecture 40.2,2021-06-18,17574,475,53,Jun
416,h2zzRpibjpE,Placements : How to study in last 45 days |  Step by Step Roadmap,2021-06-17,540551,23813,1488,Jun
417,xOogmSgym9Y,Segment Tree - Introduction and Build | C++ Placement Course | Lecture 40.1,2021-06-16,33570,809,65,Jun
418,N5mvpJGyUQg,Should I take College Study seriously? Must Watch for college students,2021-06-15,293054,21653,1261,Jun
419,cwdt9RrGSoQ,Big Companies vs Startups | Which one should you select?,2021-06-14,141989,9273,476,Jun
420,-WdkLyTeZ3Q,Rabin Karp - String Algorithms | C++ Placement Course | Lecture 39.4,2021-06-14,35379,616,77,Jun
421,YrkBJ1ptdP4,Monthly Expenses of a Software Engineer in Top Indian Citiesüî•,2021-06-12,172537,10439,731,Jun
422,lhhqbGH7Pao,KMP Algorithms - String Algorithm | C++ Placement Course | Lecture 39.3,2021-06-12,85108,1515,117,Jun
423,MG5ZhaFWat0,All about Internships | How to get Internship as a Software Engineer | Off-campus/On-campus,2021-06-10,725150,42702,1343,Jun
424,q2HYCMeUXXQ,SubStr() Function - String Algorithm | C++ Placement Course | Lecture 39.2,2021-06-10,38361,703,29,Jun
425,KnBwHYAnbEw,DRDO - How I got Internship at DRDO? | Step by step guide,2021-06-08,811964,48870,1858,Jun
426,JEOj8U54Cek,String Hashing - String Algorithms | C++ Placement Course | Lecture 39.1,2021-06-08,46761,864,48,Jun
427,1vsmaEfbnoE,Detailed Roadmap for Machine Learning | Free Study Resources | Simply Explained,2021-06-07,650047,32539,1072,Jun
428,IwlAhfeSnp8,Bootstrap - Components | Web Development Course | Lecture 17,2021-06-07,87259,2034,215,Jun
429,8uU5ewUst50,Sum of First n Fibonacci Numbers - Matrix Exponentiation,2021-06-06,7397,313,26,Jun
430,jyd4uH5dWJ8,Should I study Machine Learning? Is it required for Placements?,2021-06-05,350846,19558,1169,Jun
431,oBH9dH6KGLM,"Introduction, Fibonacci in Log(n) - Matrix Exponentiation | C++ Placement Course | Lecture 38.1",2021-06-05,27343,627,36,Jun
432,RNwMeijExjg,"All about Hacking | What to study, Packages, Job Opporutnities | Simply Explained",2021-06-03,2229893,120460,3208,Jun
433,5NxYn0GiApg,Bootstrap - Grid Layout | Web Development Course | Lecture 16,2021-06-03,111657,2685,254,Jun
434,nwUOmzFh78o,Boring Factorials SPOJ - Number Theory Advanced | C++ Placement Course | Lecture 37.6,2021-06-02,15627,355,45,Jun
435,8-80h4cSb4Q,"How to know if I am made for coding, my placements are coming | What to do ?",2021-06-01,976384,51141,2019,Jun
436,-siXttWLVto,Fermat Little and Wilson Theorem - Number Theory Advanced | C++ Placement Course | Lecture 37.5,2021-06-01,14770,345,36,Jun
437,US1_VVD98Vw,Binary Exponentiation - Number Theory Advanced | C++ Placement Course | Lecture 37.4,2021-06-01,14259,364,33,Jun
438,iMZEwYfBWDY,Euler Totient Function - Number Theory Advanced | C++ Placement Course | Lecture 37.3,2021-05-31,13567,330,33,May
439,jWD-BQmbhkk,Multiplicative Modulo Inverse - Number Theory Advanced | Lecture 37.2,2021-05-31,19688,445,17,May
440,YJyXfjbBmc8,All about Blockchain | Simply Explained,2021-05-30,1346914,60334,3393,May
441,0oP6XLTI2tY,Extended Euclid Algorithm - Number Theory Advanced | C++ Placement Course | Lecture 37.1,2021-05-30,22348,561,30,May
442,xcsDEn2G-tY,Digital Dictionary - Tries Challenges | C++ Placement Course | Lecture 36.4,2021-05-30,11419,279,29,May
443,akoIMy9NmFc,Trie bash - Challenge | C++ Placement Course | Lecture 36.3,2021-05-29,10744,236,33,May
444,IpQW7GWLxYA,XOR SubArray - Tries Challenges | C++ Placement Course | Lecture36.2,2021-05-29,20464,413,56,May
445,A22wPijWmvw,Projects you must Add in your Resume for Off-Campus Placements | Software Developers only,2021-05-28,516109,28170,1159,May
446,dOXfffhl4uI,Tries - Introduction | C++ Placement Course | Lecture 36.1,2021-05-28,32894,678,65,May
447,AWfLtXPQjhE,Friends Paring Problem - Dynamic Programming | C++ Placement Course | Lecture 35.20,2021-05-28,13668,397,29,May
448,uVGrbtm69Vo,Maximum Length of Bitonic Subsequence - Dynamic Programming | C++ Placement Course | Lecture 35.19,2021-05-27,12130,320,33,May
449,okH3HAPWTVs,Ugly Numbers - Dynamic Programming | C++ Placement Course | Lecture 35.18,2021-05-27,20636,486,35,May
450,eFhsSqzbpjI,Meme - 500K Special Celebration | Not an educational video,2021-05-26,369012,27183,1911,May
451,VzO_ueJZqXc,K-Ordered LCS - Dynamic Programming | C++ Placement Course | Lecture 35.17,2021-05-26,10926,330,20,May
452,86F87X8iRd0,LCS with 3 Strings - Dynamic Programming | C++ Placement Course | Lecture 35.16,2021-05-26,13535,387,31,May
453,XGa4onZP66Q,What is an API ? Simply Explained,2021-05-25,1176488,53445,3041,May
454,CB8w6MzXsx4,0-N Knapsack - Dynamic Programming | C++ Placement Course | Lecture 35.15,2021-05-25,12439,302,26,May
455,qXNJD7giQmU,Count Number of Binary Strings - Dynamic Programming | C++ Placement Course | Lecture 35.14,2021-05-25,15712,370,18,May
456,zgphvsIBMz4,Number of Subsequences - Dynamic Programming | C++ Placement Course | Lecture 35.13,2021-05-24,13139,327,36,May
457,g1uZPKKrm3U,Optimal Game Strategy - Dynamic Programming | C++ Placement Course | Lecture 35.12,2021-05-24,18516,527,44,May
458,Em87pVL5qGM,Must watch - 5 Reasons your Resume will get Rejected,2021-05-23,199396,15582,381,May
459,0cjO51vAY44,Minimum Jumps to Reach End - Dynamic Programming | C++ Placement Course | Lecture 35.11,2021-05-23,47933,907,89,May
460,-g_xhI_tZfA,Matrix Chain Multiplication - Dynamic Programming | C++ Placement Course | Lecture 35.10,2021-05-23,46172,970,37,May
461,Esx-TxF5PSo,Longest Common Subsequence - Dynamic Programming | C++ Placement Course | Lecture 35.9,2021-05-22,28605,595,48,May
462,okgM58Tv9jQ,Longest Increasing Subsequence - Dynamic Programming | C++ Placement Course | Lecture 35.8,2021-05-22,30906,597,60,May
463,PPcpC5QbMx0,01 Knapsack - Dynamic Programming | C++ Placement Course | Lecture 35.7,2021-05-21,41450,866,29,May
464,0zvG6bIZ5KY,Staircase Problem - Dynamic Programming | C++ Placement Course | Lecture 35.6,2021-05-21,14953,379,37,May
465,6PxU4rfnf4Q,Kadane Algorithm - Dynamic Programming | C++ Placement Course | Lecture 35.5,2021-05-20,45542,952,101,May
466,GBBRjI_1LRI,Coin Change Problem - Dynamic Programming | C++ Placement Course | Lecture 35.4,2021-05-20,41086,797,114,May
467,EoMxK6zh9wU,Minimum Number of Squares - Dynamic Programming | C++ Placement Course | Lecture 35.3,2021-05-19,29928,632,95,May
468,YkBch12jNE0,Fibonacci Sequence - Dynamic Programming | C++ Placement Course | Lecture 35.2,2021-05-19,66629,1298,86,May
469,37Aiwud-Jks,How I would Code if I can get back in First Year of College? Software Development Placement,2021-05-18,1202773,74918,2471,May
470,sPeKpctCL-c,Dynamic Programming - Introduction | C++ Placement Course | Lecture 35.1,2021-05-18,78162,1923,71,May
471,_KLesu_89Ec,Graphs - Surrounded Region | C++ Placement Course | Lecture 34.19,2021-05-18,15432,420,78,May
472,jcMMi4bBeVo,Snakes and Ladders - Graphs | C++ Placement Course | Lecture 34.18,2021-05-17,41100,961,43,May
473,wjv-w6q4ip4,Floyd Warshall Algorithm | C++ Placement Course | Lecture 34.17,2021-05-17,36394,873,62,May
474,q9cXEL_I7Zo,Two skills you must have to be a Great Coder | Aman Dhattarwal,2021-05-16,993930,80725,537,May
475,LKfIjVZ6kg4,Bellman Ford Algorithm | C++ Placement Course | Lecture 34.16,2021-05-16,29629,638,58,May
476,SnZ2SQARTVI,Dijkstra's Algorithm | C++ Placement Course | Lecture 34.15,2021-05-16,66267,1276,98,May
477,qCBMiADrmlY,What to do in 1st year for Tech Placements? by Aman Dhattarwal,2021-05-15,561410,58595,453,May
478,IU5L8oePljw,Prims Algorithm | C++ Placement Course | Lecture 34.14,2021-05-15,50030,904,95,May
479,J7nUacHWtsM,Kruskal's Algorithm | C++ Placement Course | Lecture 34.13,2021-05-15,55110,1055,70,May
480,z52TfBnBrhQ,Cycle Detection in Undirected Graph using DSU | C++ Placement Course | Lecture 34.12,2021-05-14,14193,316,42,May
481,YZ40AZQi0bk,Cycle Detection in Undirected Graph using DSU | C++ Placement Course | Lecture 34.12,2021-05-14,24152,570,37,May
482,kfEJsL2ETik,Top 50 Companies with Highest Packages in India | for Software Developers,2021-05-13,734231,33682,1340,May
483,C0O8T3C8irU,Disjoint Set Union - Graphs | C++ Placement Course | Lecture 34.11,2021-05-13,35396,862,48,May
484,orl8SsQOToc,Bipartite Graph - C++ Placement Course | Lecture 34.10,2021-05-13,31349,848,59,May
485,nY-VMGp72NI,Connected Components | C++ Placement Course | Lecture 34.9,2021-05-12,27583,639,68,May
486,hGscdp38JKM,Cycle Detection in Directed Graph | C++ Placement Course | Lecture 34.8,2021-05-12,30821,699,57,May
487,KWEwNfFrrk4,"C++, Java or Python? Which language is best for College Placements in India",2021-05-11,5326837,347344,1852,May
488,SRIVJzucPoU,Cycle Detection in Undirected Graphs | C++ Placement Course | Lecture 34.7,2021-05-11,33910,711,49,May
489,Yh5o_PSK9to,Graphs - Topological Sort | C++ Placement Course | Lecture 34.6,2021-05-11,49278,1304,76,May
490,GmZNp9_-imM,DFS - Depth First Search | C++ Placement Course | Lecture 34.5,2021-05-10,56207,841,55,May
491,geOBaNYYInc,BFS - Breadth First Search | C++ Placement Course | Lecture 34.4,2021-05-10,75117,1076,63,May
492,3pr9Ce9vECc,Graphs - Representation | C++ Placement Course | Lecture 34.3,2021-05-09,56438,862,97,May
493,ymMZEudHUsk,Graph Terminologies | C++ Placement Course | Lecture 34.2,2021-05-09,50103,1115,53,May
494,eGc5TQpBMjA,Graphs - Introduction | C++ Placement Course | Lecture 34.1,2021-05-08,93484,1832,82,May
495,pS6xaqaLuCU,Segment with Max Sum | C++ Placement Course | Lecture 40.7,2021-05-08,9603,218,13,May
496,trZjhJk4LxM,Maximum and Minimum Difference - Greedy Algorithm | C++ Placement Course | Lecture 33.7,2021-05-08,21943,581,43,May
497,so1E0lSytz0,Expedi - Greedy Algorithm | C++ Placement Course | Lecture 33.6,2021-05-07,26114,645,57,May
498,mhaXVXFjsgI,Optimal Pattern Merge - Greedy Algorithm | C++ Placement Course | Lecture 33.5,2021-05-07,24593,620,33,May
499,2i5pclQprGk,Fractional Knapsack - Greedy Algorithm | C++ Placement Course | Lecture 33.4,2021-05-06,45078,1007,87,May
500,DHr-Mn_vzs0,Activity Selection Problem - Greedy Algorithm | C++ Placement Course | Lecture 33.3,2021-05-06,60875,1467,79,May
501,IUQRh7SJwEM,Indian Coin Change - Greedy Algorithm | C++ Placement Course | Lecture 33.2,2021-05-05,42788,1060,114,May
502,bDPtZO_Skyc,Greedy Algorithm - Introduction | C++ Placement Course Lecture 33.1,2021-05-04,69865,1721,52,May
503,q79pZ_iwP50,Sudoku Solver - Hashing | C++ Placement Course | Lecture 32.8,2021-04-30,43816,1111,122,Apr
504,bZ5Sif6L7Jg,Hashing - TOP K MOST FREQUENT ELEMENTS | C++ Placement Course | Lecture 32.7,2021-04-29,25046,512,75,Apr
505,osxiwsEahzE,Perks of a Solopreneur in 1 Minute,2021-04-29,215197,18985,283,Apr
506,y-ua1zS9wU0,Hashing - Sliding Window Technique | C++ Placement Course,2021-04-28,36869,838,67,Apr
507,pTxn1q80yAU,Perks of a Software Engineer in 1 Minute,2021-04-27,1152639,79533,908,Apr
508,5g03Ydcwseg,Hashing - Number of Subarrays with Sum Zero | C++ Placement Course | Lec 32.5,2021-04-26,45418,871,121,Apr
509,oGsohYOOfRQ,Hashing - Vertical Order Print | C++ Placement Course | Lecture 32.4,2021-04-24,38389,852,63,Apr
510,2yCsrWvHcKQ,Hashing - Count frequency of elements | C++ Placement Course | Lecture 32.3,2021-04-24,66206,1003,108,Apr
511,oJx-w2CB8d4,Hashing STL - C++ Placement Course | Lecture 32.2,2021-04-23,50170,918,53,Apr
512,wQzCgzA1TKw,College students during Practicals | Not an educational video,2021-04-22,108161,9132,302,Apr
513,0kfM_YEzR94,Hashing - Introduction to Hasing | C++ Placement Coure | Lecture 32.1,2021-04-21,137920,2517,133,Apr
514,Yqh1DadzGXU,Heap -Smallest Sequence with sum K | C++ Placement Course | Lecture 31.6,2021-04-20,17641,468,77,Apr
515,VV19JFP6-0c,Heaps - Merge K sorted Arrays | C++ Placement Course,2021-04-18,45700,922,149,Apr
516,NIUgvZxt3Lg,Heaps - Median of Running Stream | C++ Placement Course | Lecture 31.4,2021-04-17,32215,800,74,Apr
517,XzA5Ts_vXfw,Heap STL | C++ Placement Course | Lecture 31.3,2021-04-16,40807,935,62,Apr
518,MMTQz-G8e-I,HeapsSort | C++ Placement Course | Lecture 31.2,2021-04-14,81800,1370,229,Apr
519,MCuERE9Ewbo,Heap Intro Final Export for Upload,2021-04-13,58293,1298,68,Apr
520,PiSs-3z9LUY,Perfect Numbers in Subarrays | C++ Placement Course | Lecture 30.5,2021-04-13,17107,522,62,Apr
521,PsdZOG9dJic,Subarray with Palindromic Concatenation | C++ Placement Course | Lecture 30.4,2021-04-12,16894,520,69,Apr
522,d75iHEzPx8k,Form Number Divisible by 3 | Sliding Window Challenge | C++ Placement Course | Lecture 30.3,2021-04-12,17960,533,47,Apr
523,b7wMv62Y1l4,Minimum Subarray Size | Sliding Window Challenge | C++ Placement Course | Lecture 30.2,2021-04-11,25864,748,64,Apr
524,nvE5kQVdLc4,Max Sum Subarray | Sliding Window Challenge | C++ Placement Course | Lecture 30.1,2021-04-11,24082,695,50,Apr
525,KWDUOForS2s,Find the Peak Element | C++ Placement Course | Lecture 29.5,2021-04-10,37517,914,79,Apr
526,Iqjo4PNQT7A,Search in Sorted & Rotated Array | C++ Placement Course | Lecture 29.4,2021-04-10,28057,767,44,Apr
527,U4vEszMVNsM,Painters Partition Problem | C++ Placement Course | Lecture 29.3,2021-04-09,31683,784,79,Apr
528,tck6hjcFzzc,Page Allocation Problem | C++ Placement Course | Lecture 29.2,2021-04-09,30097,705,66,Apr
529,ddWKdSS5TaQ,Customization & Layout in Bootstrap | Web Development Course  | Lecture 15,2021-04-08,158844,3572,636,Apr
530,xP_aCKJtFPg,Place Elements to Maximise Minimum Distance | C++ Placement Course | Lecture 29.1,2021-04-08,32914,750,106,Apr
531,F3Cpo4Cc04A,Set & Multiset | Standard Template Library | C++ Placement Course | Lecture 28.12,2021-04-08,54859,1357,62,Apr
532,eI3lzXlmH2U,Recover Binary Search Tree | C++ Placement Course | Lecture 28.11,2021-04-07,29771,820,66,Apr
533,YgC-IXiMrRM,Largest Binary Search Tree in BT | C++ Placement Course | Lecture 28.10,2021-04-07,32644,985,123,Apr
534,ftBT8kH-QtM,Identical Binary Search Tree | C++ Placement Course | Lecture 28.8,2021-04-06,24106,788,49,Apr
535,xtuhK-a18is,Zig Zag Traversal Binary Search Tree | C++ Placement Course | Lecture 28.7,2021-04-05,36223,990,48,Apr
536,1ZAotQGnbi4,Catalan Numbers Application | C++ Placement Course | Lecture 28.6,2021-04-05,41080,1188,83,Apr
537,C59kWTK4_Zs,Build Balanced BST from Sorted Array | C++ Placement Course | Lecture 28.5,2021-04-04,42713,1243,50,Apr
538,_XgTN72fguk,Check for Binary Search Tree | C++ Placement Course | Lecture 28.4,2021-04-04,46752,1373,110,Apr
539,DUiYVJIVNcA,Namaste World in Bootstrap | Web Development Course,2021-04-03,300511,7594,251,Apr
540,vFW80O0NzBU,Construct Binary Search Tree from Preorder | C++ Placement Course | Lecture 28.3,2021-04-03,45119,1110,108,Apr
541,kU9Lv3e_kxs,Search and Delete in Binary Search Tree | C++ Placement Course | Lecture 28.2,2021-04-03,97960,2345,150,Apr
542,ywK_wgQwKJY,Updating Design of Mega Project | Web Development Course,2021-04-02,189633,3587,156,Apr
543,ScdwdSCnXDU,Binary Search Trees | Introduction & Build | C++ Placement Course | Lecture 28.1,2021-04-02,104956,2415,109,Apr
544,NIJN63astRc,Max Sum Path from One Node to Another in Binary Tree | C++ Placement Course | Lecture 27.16,2021-04-02,36147,954,108,Apr
545,JW-9nhktGGA,Lowest Common Ancestor in Binary Tree | C++ Placement Course | Lecture 27.15,2021-04-01,52285,1399,100,Apr
546,f-oTsCUCiXk,Nodes at Distance K in Binary Tree | C++ Placement Course | Lecture 27.14,2021-04-01,50846,1236,94,Apr
547,WR6-DrAsNpc,Flatten a Binary Tree | C++ Placement Course | Lecture 27.13,2021-03-31,47264,1266,102,Mar
548,E1f9ncPxgPE,Shortest Distance between 2 Nodes | C++ Placement Course | Lecture 27.12,2021-03-31,63431,1382,107,Mar
549,zDkNaQYusu0,Left View of Binary Trees | C++ Placement Course | Lecture 27.11,2021-03-30,45052,1185,55,Mar
550,jeJTgKPydAw,Right View of Binary Tree | C++ Placement Course | Lecture  27.10,2021-03-30,52980,1383,70,Mar
551,bh4eb_6SwRA,Height Balanced Binary Tree | C++ Placement Course | Lecture 27.9,2021-03-29,69715,1751,87,Mar
552,xDayqPCWmkY,Sum Replacement in Binary Tree | C++ Placement Course | Lecture 27.8,2021-03-29,47604,1205,63,Mar
553,9fj_-Sr84CU,Height and Diameter in Binary Tree | C++ Placement Course | Lecture 27.7,2021-03-28,77478,1664,153,Mar
554,IHfZaRZFg7s,Count and Sum of Nodes | C++ Placement Course | Lecture 27.6,2021-03-28,53159,1366,54,Mar
555,IZa8pbR8CWs,Adding CSS to Mega Project,2021-03-27,172028,3253,121,Mar
556,vQIiUWofWw8,"Level Order Traversal , Sum at Kth Level In Binary Tree | C++ Placement Course | Lecture 27.5",2021-03-27,91057,2102,100,Mar
557,PJX9T2oVKmk,Build Tree Postorder and Inorder | C++ Placement Course | Lecture 27.4,2021-03-27,66233,1586,111,Mar
558,HJKoNLGRnYk,Build Tree from Preorder and Inorder | C++ Placement Course | Lecture 27.3,2021-03-26,133231,2621,154,Mar
559,67zlUtAr2LE,"Binary Tree Traversals| Preorder, Inorder, Postorder Traversal | C++ Placement Course | Lecture 27.2",2021-03-26,147108,3374,133,Mar
560,rW0mnUpA26U,How to Write a Proposal for Google Summer of Code | GSOC 2021,2021-03-25,27870,1212,75,Mar
561,_jKa4gycZTw,Binary Tree Introduction | C++ Placement Course | Lecture 27.1,2021-03-25,180673,3615,141,Mar
562,T-Oj2Ajj9vA,Longest substring without repeating characters | C++ Placement Course | Lecture 26.3,2021-03-25,68597,1302,86,Mar
563,7FE5Q_Bqzw8,Max Consecutive Ones | C++ Placement Course | Lecture 26.2,2021-03-24,39884,967,90,Mar
564,BCLfxQja9dI,Two Pointers | Three Sum Problem | C++ Placement Course | Lecture 26.1,2021-03-24,81000,1807,137,Mar
565,XlD5VsOZsyA,The Stock Span Problem | C++ Placement Course | Lecture 25.5,2021-03-23,45778,1119,121,Mar
566,rlCSjCGc3Z0,Redundant Parenthesis | C++ Placement Course | Lecture 25.4,2021-03-23,42805,1087,73,Mar
567,BsPbCLj4_Mw,Trapping Rainwater | C++ Placement Course | Lecture 25.3,2021-03-22,56461,1074,130,Mar
568,Xdhdgl0Ju4k,Learn Animations in CSS,2021-03-18,209906,5559,329,Mar
569,0cBvL1U9QNo,GSOC : How to select an organisation ? | Google Summer of Code 2021,2021-03-15,28500,1438,116,Mar
570,fyy2Mr84vNM,Google Summer of Code : Step by step guide to GSOC 2021 by GSOCER,2021-03-12,293459,16316,520,Mar
571,YtxLexm-9pI,How Internet Works ? In-depth animated video for students,2021-03-11,316122,17832,557,Mar
572,tMfy0tQ2HHk,Top 5 Front End Frameworks for 2021,2021-03-05,50484,2232,180,Mar
573,hGl8Boeb7S4,Largest Rectangle Code | C++ Placement Course | Lecture 25.2,2021-03-03,74181,1313,335,Mar
574,4JstGzs6Q9I,Sliding Window Maximum using Deque | C++ Placement Course | Lecture 25.1,2021-03-02,81038,1520,359,Mar
575,KhPJ5xF4gIk,CSS Grid -2 Challenge - 9 | Web Development Course,2021-02-27,73227,1302,200,Feb
576,8imJZHgf44E,CSS Grid-1 Challenge #8 | Web Development Course,2021-02-24,82783,1354,136,Feb
577,AJCse3XPkrY,Stacking using Queues (Method 2) | C++ Placement Course | Lecture 24.4.2,2021-02-23,44970,1002,118,Feb
578,xBSlwwitD5U,CSS Grid | Web Development Course,2021-02-22,191893,4239,163,Feb
579,eKtwlzRyuIc,Flexbox-3 Challenge | CSS | Web Development Course,2021-02-22,77696,1265,123,Feb
580,hFvf0iPOjT8,Flexbox-2 Challenge | CSS | Web Development Course,2021-02-21,88960,1318,138,Feb
581,FbPIay0KN00,Stack using Queue | C++ Placement Course | Lecture 24.4,2021-02-20,73910,1496,142,Feb
582,OGkaHOD6CRU,Flexbox-1 Challenge | CSS | Web Development Course,2021-02-20,115949,1708,173,Feb
583,iuI0SKPT35Y,ACM ICPC - International Collegiate Programming Contest,2021-02-18,99264,5289,161,Feb
584,iEwX3XA5SDo,Queue using Stack | C++ Placement Course | Lecture 24.3,2021-02-16,84747,1687,149,Feb
585,Yi8Im4_eSQI,Linked List Implementation of Queues | C++ Placement Course | Lecture 24.2,2021-02-16,91634,1966,78,Feb
586,fbonDkYsKj0,Introduction to Queue Data Structure | C++ Placement Course | Lecture 24.1,2021-02-15,177504,3845,189,Feb
587,zts6uNVnCNs,Learn Flexbox Under 25mins | Web Development Course,2021-02-13,268527,7367,286,Feb
588,9wad39LmzPY,All about Google Kickstart 2021,2021-02-12,131207,7757,227,Feb
589,P31WyOcQvaE,Balanced Parenthesis | C++ Placement Course | Lecture 23.9,2021-02-12,90533,2084,155,Feb
590,j5Q7gVtTy3M,Google Hash Code 2021 | All about Google Hash Code,2021-02-11,100673,5355,264,Feb
591,snDDBjT8jYA,Infix to Prefix | C++ Placement Course | Lecture 23.8,2021-02-11,85991,1773,110,Feb
592,5B6jw4wOJR0,Postfix Expression Evaluation | C++ Placement Course | Lecture 23.6,2021-02-10,96219,2114,78,Feb
593,MuF5p8-oWc8,Prefix Expression Evaluation | C++ Placement Course | Lecture 23.5,2021-02-10,92858,1979,109,Feb
594,6T3jMNUCRNU,"Introduction to Prefix, Infix and Postfix | C++ Placement Course | Lecture 23.4",2021-02-09,128328,3339,89,Feb
595,mg9yi6YuAVk,Infix to Postfix - Stack Challenges | C++ Placement Course | Lecture 23.7,2021-02-03,159381,3110,228,Feb
596,V2reKQOgE88,Reverse a Stack | C++ Placement Course | Lecture 23.3,2021-02-02,110522,2538,130,Feb
597,D_YpGeDy-i8,Challenge #4 : Positions | Web Development Course,2021-02-01,113274,1935,220,Feb
598,k1O1PhuarpI,Reverse a Sentence using Stacks | Stack Challenge | C++ Placement Course | Lecture 23.2,2021-02-01,124404,2555,166,Feb
599,Hkoml2mXDD8,All about Open Source Project | How is it beneficial for students | Stipends,2021-01-31,150513,9773,557,Jan
600,JvuaAgDar1c,Stack Data Structure - Introduction | C++ Placement Course | Lecture 23.1,2021-01-31,247353,5561,264,Jan
601,lcPs2BbbI_M,Challenge 3: Float | Web Development Course,2021-01-28,128697,2306,236,Jan
602,oZ-ZIhJyy9o,Time Complexity using Masters Theorem | C++ Placement Course | Lecture 16.5,2021-01-27,91365,2152,135,Jan
603,s2fwy4ri0RU,2021 - Top 5 Programming Language for College Students 2021,2021-01-26,416398,23548,1077,Jan
604,TaNfBSbpX_o,Put Even Position Nodes after Odd Position Nodes | C++ Placement Course | Lecture 22.11,2021-01-25,64311,1745,177,Jan
605,1t8NAjIXvVA,Circular Linked List - C++ Placement Course | Lecture 22.10,2021-01-24,104839,2465,135,Jan
606,IHeY7XMfXCc,Is Competitive Programming a MUST for placements?,2021-01-23,198533,14943,519,Jan
607,xpoWxFyGuC8,Floats & Position Properties | CSS | Web Development Course,2021-01-23,265197,5317,212,Jan
608,V5rEOX-PuPE,Avoid these 10 Mistakes as a Coder | 10 Lessons | FAANG Companies,2021-01-22,590221,37022,1118,Jan
609,2WMRDUS_b4E,Responsiveness Challenge | CSS | Web Development Course,2021-01-22,174429,3190,232,Jan
610,p870o46o1bM,What is Responsiveness? CSS | Web Development Course | Lecture 7,2021-01-21,284965,6113,365,Jan
611,5plesRICYTI,How to find Job on LinkedIn ? | Tips | How to build a strong profile ?,2021-01-20,902590,43442,1076,Jan
612,n5_9DMCX0Yk,Merge 2 Sorted Linked List | C++ Placement Course | Lecture 22.9,2021-01-16,125769,2846,226,Jan
613,l-EkcthUMl4,Debugging in CSS | Web Development Course,2021-01-10,290517,6065,307,Jan
614,8CACsqPWpHo,Find Intersection point of 2 Linked List | Lecture 22.8,2021-01-09,90879,2231,260,Jan
615,v6g1g4lNowM,Append Last K Nodes of a Linked List | C++ Placement Course | Lecture 22.7,2021-01-08,75980,1745,180,Jan
616,c_dqAyQu84A,Doubly Linked List | Data Structures & Algorithms | C++ Placement Course | Lecture 22.6,2021-01-07,145108,3089,160,Jan
617,bgKYobOXTZ0,Challenge #1 for Web Development Course students | Forms,2021-01-07,323195,6708,978,Jan
618,6Cpd63_WXdI,Styling Forms in CSS | Web Development Course | Lecture 5 of CSS,2021-01-06,370417,6707,506,Jan
619,Fj1ywT9ETQk,Detection and Removal of Cycle in Linked List | Lecture 22.5,2021-01-04,131905,3283,344,Jan
620,LCRGV8avvUY,Reverse K Nodes in a Linked List | C++ Placement Course | Lecture 22.4,2021-01-03,145949,3012,369,Jan
621,wKPlQkOdpFQ,"Understanding Cascading , Specificity and Inheritance | CSS Lecture 4",2020-12-22,394461,8468,914,Dec
622,C01LeeMhwHc,Understanding Box Model | Styling List and Tables | CSS Lecture 3,2020-12-21,521118,11033,409,Dec
623,bjtMCwy_LMA,Reverse a Linked List | C++ Placement Course | Lecture 22.3,2020-12-20,211469,4345,359,Dec
624,4nC4VXHlys8,Properties in CSS | Web Development Course | CSS Lecture 2,2020-12-19,672237,13839,561,Dec
625,kvk8gfAJLeg,Deletion in Linked List | C++ Placement Course | Lecture 22.2,2020-12-19,178785,3059,190,Dec
626,sqJ6xZ9mUwE,CSS - What is selectors? | Web Development Course,2020-12-18,1129568,22221,863,Dec
627,Crqgl10aIGQ,Introduction to Linked List | C++ Placement Course | Lecture 22,2020-12-17,573216,9701,731,Dec
628,cja3Hd3bwmY,CSS Course Announcement,2020-12-17,346419,23159,1337,Dec
629,61ppyY5rUB0,HTML | Structuring a Mega Project,2020-12-16,1149857,24047,1648,Dec
630,F5PbnZkHqmg,Polymorphism in Object Oriented Programming | C++ Placement Course Lecture 21.4,2020-12-16,274474,5877,346,Dec
631,jRAZlTEZi9I,HTML Course | Media Elements | Lecture 3,2020-12-15,1044542,22126,1268,Dec
632,7ZfEp71tIec,Inheritance in OOP's | C++ Placement Course | Lecture 21.3,2020-12-15,249307,5823,235,Dec
633,2QR11oDukn4,HTML Course | World's most premium HTML Course | Lecture 2,2020-12-14,1601870,31024,1895,Dec
634,Rek0NWPCNOc,HTML Course | From Beginners to Advance Level | Lecture 1,2020-12-13,3191765,80721,3871,Dec
635,l1EssrLxt7E,Introduction to Web Development | World's most premium Web Development Course | Lecture 0 (Reupload),2020-12-12,4106066,131232,5728,Dec
636,YscEcXRmBoY,Object Oriented Programming in C++ | Important Concept | Lecture 21.1,2020-12-08,607707,14304,635,Dec
637,N97M67GQTwI,Wave Sort | C++ Placement Course - 20.3,2020-12-05,69797,1932,134,Dec
638,2C4CQ32961Y,DNF Sort | C++ Placement Course  | Lecture 20.2,2020-12-05,84914,2472,105,Dec
639,sV4RhDIIKO0,Count Inversion - Merge Sort | C++ Placement Course - 19.3,2020-12-04,109195,2635,148,Dec
640,imqr13aIBAY,Count Sort | C++ Placement Course | Lecture 20.1,2020-12-04,130973,3156,264,Dec
641,Dl6HT-NM_q4,Quick Sort | Code and Explanation | C++ Course - 19.2,2020-12-03,270544,5622,243,Dec
642,14WBmf9nMsk,Web Development Roadmap - Salary up to 10-12Lakhs | Rapid #1,2020-12-02,287249,18553,1021,Dec
643,4z9I6ZmeLOQ,Merge Sort | Code and Explanation | C++ Course - 19.1,2020-12-02,328302,6846,384,Dec
644,yoZy5RicIPc,Vectors and Pair | C++ Course - 19,2020-12-02,217942,5101,354,Dec
645,4UIAOMWoD3I,Phod do - Bade aaram se | Motivation Meme #4,2020-12-01,643593,30589,942,Dec
646,1OkZKjxRokU,N-Queen Problem - Backtracking | C++ Placement Course - 18.2,2020-12-01,201759,5428,273,Dec
647,4BBB0mvvbGA,Backtracking - Rat in a Maze | C++ Placement Course | Lecture 18.1,2020-12-01,244808,6160,476,Dec
648,28okqq8raXM,Permutation - Return all possible permutations | C++ Placement Course | Lecture 17,2020-11-30,175051,3464,486,Nov
649,MjPurvtUs7U,Student during Exams | Motivational Memes,2020-11-29,932569,50687,2296,Nov
650,WZ6ZhiCg2_Q,How to write a Resume | For Beginners and Experienced | Ultimate Resume Guide,2020-11-29,394724,20780,651,Nov
651,VQVeAQVs1d8,Recursion | Last Lecture on Advanced Problems | Lecture 16.4,2020-11-28,111438,2703,343,Nov
652,9rt-hFcXd0M,Advanced Recursion Problems | C++ Placement Course | Lecture 16.4,2020-11-28,140892,2780,270,Nov
653,16uXCDeRvMU,Students after studying coding from Apna College ‚ù§Ô∏è | Motivational Memes,2020-11-26,1480282,70920,2639,Nov
654,j9RG18jfnRY,7 Best Problems on Recursion | Recursion in C++ | Placement Course | Lec 16.3,2020-11-25,310295,5594,880,Nov
655,Sp0RJLGrBm4,"We have already lived 1/4th of our life, do you want to live the remaining 3 quarters the same way?",2020-11-22,165526,13805,892,Nov
656,7F3MYyw3Jmg,16.2 Recursion - Challenges | C++ Placement Course,2020-11-21,236113,4925,443,Nov
657,oSQbwlepoCU,16.1 Recursion - Introduction | C++ Placement Course,2020-11-20,304648,7695,356,Nov
658,IW4hJEgZLWI,15.2 Inclusion- Exclusion Principle | GCD  | C++ Placement Course,2020-11-19,140648,3904,198,Nov
659,nDPo9hsDNvU,15.1 Sieve of Eratosthenes | Challenge | C++ Placement Course,2020-11-18,227129,5499,369,Nov
660,WEpLyOc0bCE,14.3 BIT Manipulation | Challenges - Part 2 | Questions asked by Top MNC's,2020-11-17,156034,3592,446,Nov
661,s8l8NWII3qw,14.2 BIT Manipulation Challenges | C++ Placement Course,2020-11-16,193480,4473,376,Nov
662,MiJdgxTWaFs,14.1 BIT Manipulation in 11 minutes | C++ Placement Course,2020-11-15,312520,7130,376,Nov
663,1pVI0yiEBR8,13.2 Strings Challenges | C++ Placement Course,2020-11-13,253222,5850,404,Nov
664,W8hPsBquD6Y,13. Strings in C++  | Guaranteed Placement Course | Lecture 13,2020-11-11,468417,10733,655,Nov
665,CF1j_wMEbPA,"Roadmap to Off-campus Internship in 2nd Year üî• Google, Microsoft, Adobe etc",2020-11-10,710493,40820,1387,Nov
666,bbym08gSWvQ,12. Stack & Heap | C++ Placement Course,2020-11-10,285552,8573,326,Nov
667,gHxmAgedyDk,11. Pointers in C++ | Guaranteed Placement Course,2020-11-09,442336,11579,640,Nov
668,TkTgo_7ab0M,10. Character Arrays | C++ Placement Course,2020-11-08,302246,6371,535,Nov
669,xKZFAkSt2UU,"9.2 ""2D Array"" Challenges | Asked by Top MNC's | C++ Placement Course",2020-11-07,264226,6266,563,Nov
670,tIAydH3NnJk,"How to be a 5 Star Coder | Wildcard to Google, Facebook and top MNC's",2020-11-06,777666,41589,1716,Nov
671,Xx1tWbb37hY,9.1 Two Dimensional Arrays | 2D Arrays | C++ Placement Course,2020-11-05,403299,8316,541,Nov
672,0JYgnhnZFcE,8.6 Subarrays - Challenges | Questions asked by Top MNC's | C++ Placement Course,2020-11-02,371246,7429,1205,Nov
673,kJW_iXrwePE,8.5 Arrays - Q's asked by Top MNC's | C++ Placement Course,2020-11-01,478718,9571,1713,Nov
674,eJcBH0xvG98,8.4 Array Challenges | C++ Placement Course,2020-10-31,649141,12630,1409,Oct
675,3GC83dh4cf0,8.3.3 Insertion Sort | Sorting Algorithms | C++ Placement Course |,2020-10-30,576710,12214,530,Oct
676,xcPFUCh0jT0,8.3.2 Bubble Sort | Sorting in C++ | Guaranteed Placement Course,2020-10-29,565326,11989,494,Oct
677,dQa4A2Z0_Ro,8.3.1 Sorting in Arrays | Selection Sort |  C++ Placement Course,2020-10-27,754324,15814,1072,Oct
678,13ocRMSJy5M,8.2 Searching in Arrays | Linear and Binary Search | C++ Placement Course |,2020-10-26,739306,14881,1152,Oct
679,PyTK_g1l8V8,8.1 Introduction to Arrays in C++ | Guaranteed Placement Course,2020-10-25,704772,16191,879,Oct
680,rq_rwnveh8s,7.1 Time Complexity | C++ Placement Course,2020-10-24,619120,15616,805,Oct
681,lYnPK1svd-4,6.3 Advanced Placement Questions on Functions | C++ Placement Course,2020-10-23,570824,8647,2186,Oct
682,8vzk_JBKGcQ,6.2 Functions Challenges | C++ Guaranteed Course | Lecture 6.2,2020-10-22,583690,10808,875,Oct
683,83KtncYgHYQ,6.1 Functions in C++ | Guaranteed Placement Course,2020-10-21,632053,14525,548,Oct
684,6TzUHrAXytM,5.2 How to reverse a number | Check if a number is Prime or Armstrong | C++ Placement Course | # 5.2,2020-10-20,566852,11818,1049,Oct
685,0yn7irrHzM8,VS Code Installation for C++ in Windows | Step by step process explanation,2020-10-19,2562523,38602,3296,Oct
686,QIyugGzih4k,5.1 Binary Number System | Guaranteed Placement Course | Lecture 5.1,2020-10-18,594126,15918,484,Oct
687,k9OlCJFy5yo,4.2 Advanced Pattern Questions in C++ | Guaranteed Placement Course | Lecture 4.2,2020-10-17,634618,12383,1136,Oct
688,LfgAOZ1kKMw,4.1 Awesome Pattern Questions -1 | Guaranteed Placement Course,2020-10-15,1008284,20711,1267,Oct
689,JBgZxnAj4hg,3.3 Operators in C++ Programming | Guaranteed Placement Course | 3.3,2020-10-14,756198,17373,1013,Oct
690,G80-j_xnE_8,3.2 Switch-Case statement in C++ Programming | Guaranteed Placement Course | Lecture 3.2,2020-10-13,589184,14680,618,Oct
691,Stf7KBiA1vs,3.1 Break and Continue statement in C++ Programming | Guaranteed Placement Course | Lecture 3.1,2020-10-13,739239,16392,918,Oct
692,IlIn_D1RT7M,2.4 Introduction to Loops in C++ programming | Guaranteed Placement Course | Lecture 2.4,2020-10-12,918689,20838,1249,Oct
693,cyB3HNlQyjY,2.3 If/else statement in C++ programming | Data Structure and Algorithm Course | Lecture 2.3,2020-10-11,1011566,22969,1607,Oct
694,7dPdMtBX1d8,2.2 Input/Output in C++ | Data Structures and Algorithm Course in C++ | Lecture 2.2,2020-10-11,1190971,27062,1564,Oct
695,cnT1oW5_ePM,2.1 Data Types & Type Modifiers | Data Structures & Algorithms Course in C++ | Lecture 2.1,2020-10-10,1809262,44203,2618,Oct
696,z9bZufPHFLU,1. Introduction to C++ | Data Structures and Algorithms | College Placement Course | Lecture 1,2020-10-08,6372770,144606,10128,Oct
697,v4EtpkayVMY,NSUT College Review | All about NSUT | In-depth review by Aman Dhattarwal | vs DTU & IIITD?,2020-09-23,321437,13333,2313,Sep
698,j0biLzzJ2XQ,DTU College Review | All about DTU | In Depth Review by Aman Dhattarwal,2020-09-22,630836,19374,2560,Sep
699,ODMqCXOO-eE,JAC Delhi Counselling 2020 | NSUT vs DTU vs IIIT Delhi vs IGDTUW | Branch Preferenceüî• |,2020-09-21,281891,11965,2171,Sep
700,k2oGoqxRLaw,Watch this before buying Laptop | Best Budget Laptops and Performance Laptops for all students,2020-08-14,4194144,146002,9646,Aug
701,7rtvYQEAbIo,IAS at 23 | How to study for UPSC CSE during College? | UPSC CSE Rank 19 | ProInsights with Aman,2020-08-11,258922,14792,1342,Aug
702,zGJ5BlbKfLM,"Is VIT Vellore Good? | All about VIT Vellore | Placements, Admission, Fees, Hostel & Mess",2020-08-07,1192945,33394,5857,Aug
703,1VfqlKtVF7U,IIT DELHI College Review | All about IIT Delhi,2020-08-06,1207386,40266,3883,Aug
704,Y8Lk3Gi-ugo,India's Top 70 Engineering Colleges | College vs Branch 2020 | Placements and Cut-offs,2020-08-06,1545027,57665,5102,Aug
