,Video_id,Title,Published_date,Views,Likes,Comments,Channel_Title,Month
0,czNtKz7Vgso,Finding Peace :  My 100km Spiritual Journey Across the Narmada River,2023-04-21,6147,1516,0,Monkey Magic,Apr
1,0NoBFYeEoS0,#16 apne INDIA mai etna Snowfall üòÆ,2023-03-27,252933,29810,163,Monkey Magic,Mar
2,56zdSBOK5XM,I spent 4 days in INDIA's coldest Village near LOC,2023-03-26,305948,19281,707,Monkey Magic,Mar
3,gwvgnrcgpqo,The day i faced death in the Himalayas (Snow Leopards),2023-03-12,743901,64112,2923,Monkey Magic,Mar
4,Bq8ceHWpZH8,#15 My new best friend is a COW,2023-03-12,4354965,380859,2936,Monkey Magic,Mar
5,ifeh9Na_KTE,#14 aisa INDIA pehle dekha nahi hoga (-45c) üáÆüá≥,2023-03-11,1241160,183054,1032,Monkey Magic,Mar
6,TV94aG1zANM,#13 I made the perfect Momo,2023-03-09,1987137,190958,249,Monkey Magic,Mar
7,TbE-feeUONI,A day in my life in -25c (casual vlog),2023-03-07,162955,13225,847,Monkey Magic,Mar
8,7ASKhXG-5wk,#12 I saw 3 Snow Leopards up close in Ladakh,2023-03-07,5596423,531920,1645,Monkey Magic,Mar
9,9x_vmJVet1I,#11 I went to Snow Leopard Village of Ladakh  | Monkey Magic,2023-03-06,4617997,285652,195,Monkey Magic,Mar
10,QBO4AKNptK8,#10 Heavy Driver of Zanskar üíÄüíÄ,2023-03-02,650035,82968,203,Monkey Magic,Mar
11,Fbnr_JvSzHo,#09 Sardi Etni ki Mucho mai Baraf Jam gyi,2023-03-01,1099879,96846,137,Monkey Magic,Mar
12,DYckcUv0MLY,#08 Hidden Beauty of India üáÆüá≥,2023-02-28,453223,62203,168,Monkey Magic,Feb
13,_X8Lty4Vbno,I walked on a Frozen River to see this view (-25c) ü§Ø,2023-02-27,351119,28372,1844,Monkey Magic,Feb
14,zswtJwoPa7I,#07 100ft long FROZEN WATERFALL!!  ü§Ø,2023-02-26,745399,104914,211,Monkey Magic,Feb
15,d3Jwth6pZms,Walking on Frozen River in -30c (Trailer) | Chadar Trek (Ladakh),2023-02-25,56087,5767,367,Monkey Magic,Feb
16,s86IQud-GXM,#06 This Chadar is Dangerous! ü•∂ | Monkey Magic,2023-02-25,801948,98872,192,Monkey Magic,Feb
17,MeCBZFmyfFk,#05 Mystical Waterfall Story üòÆ,2023-02-24,1704980,199218,326,Monkey Magic,Feb
18,0xkGhdhDP14,#04 Walking on Frozen River for 4 Days - Chadar Trek ‚ùÑÔ∏è,2023-02-23,1821084,165745,247,Monkey Magic,Feb
19,gMrliiFl4L0,#03 Meet Team Fantastic üòé,2023-02-22,1452162,167424,278,Monkey Magic,Feb
20,5ZstswFzAvY,#02 Sapno ki Kitaab & -40c mai naya adventure #peakwinterladakh,2023-02-21,582461,75052,255,Monkey Magic,Feb
21,Lz_9E5shn_k,#01 -35c mai aagya Ladakh ü•∂ | Monkey Magic #peakwinterladakh,2023-02-20,839186,105984,344,Monkey Magic,Feb
22,ZIkuIyItp9A,I got XUV 400 for test drive..par maine thokk di | Monkey Magic,2023-02-10,168381,13952,739,Monkey Magic,Feb
23,nM_fHMu6W98,I took my Subscribers on a Free RoadTrip | Monkey Magic,2023-01-21,227300,20493,1493,Monkey Magic,Jan
24,GzbWx-3TnSw,I predicted this in 2022  #shorts,2023-01-01,814760,116243,549,Monkey Magic,Jan
25,xxx9JTeTlGY,I went on a Roadtrip across Nagaland with a Stranger,2022-12-31,684478,58349,4186,Monkey Magic,Dec
26,9vONA5DoeKI,#21 I will miss them.. ‚ù§Ô∏è | Monkey Magic #shorts,2022-12-28,1349791,165672,851,Monkey Magic,Dec
27,75Th2hRK7ig,#20 Life ki Choti Choti Khushiya  | Monkey Magic,2022-12-27,619476,94587,373,Monkey Magic,Dec
28,oEb0YeXUJ0Y,#19 Christmas in Delhi vs Kohima | Monkey Magic #shorts,2022-12-26,853462,96984,607,Monkey Magic,Dec
29,NuMWXQKmxN0,#18 Raat ke 3:00 bje Jungle mai phass gaya..  | Monkey Magic #shorts,2022-12-25,450754,73520,274,Monkey Magic,Dec
30,QbxBJ1Flz5E,#17 Lift mangi thi..par ye kya hogya? | Monkey Magic | Nagaland Series #shorts,2022-12-24,479666,83987,289,Monkey Magic,Dec
31,mbEVadHX3dY,#16 Secret Stone Bridge of Nagaland | Monkey Magic #shorts,2022-12-23,8163788,643152,785,Monkey Magic,Dec
32,1gzofwfxw4I,#15 FIFA FINALE celebrations in North East India üáÆüá≥ | Monkey Magic #shorts #FIFA,2022-12-22,345672,51663,207,Monkey Magic,Dec
33,_GICbxPngKI,#14 Struggles of travelling in Nagaland üò© | Monkey Magic,2022-12-21,626445,83671,276,Monkey Magic,Dec
34,c85Q5q77dqg,#13 Bye Bye Jangzee üëãüèΩüëãüèΩ (Hardest Goodbye) | Monkey Magic,2022-12-20,638256,107154,1453,Monkey Magic,Dec
35,3WwCgE5RCw8,#12 Hidden Beauty of Nagaland!! | Monkey Magic,2022-12-19,627588,110439,502,Monkey Magic,Dec
36,8Wo9jMjMs6Y,#11 8:30 am Wedding in Nagaland,2022-12-18,1100473,141095,729,Monkey Magic,Dec
37,tjoNYfc-Wb0,#10 I am going on an adventure with a Girl I just met,2022-12-17,684853,90454,648,Monkey Magic,Dec
38,ZDtOe1OAE_M,#09 Meet my new 'Friend' ü§ó,2022-12-16,903182,119069,1759,Monkey Magic,Dec
39,wT_-MPwhGXw,#08 Kohima Night Market is Amazinggg ü•≥ü§© | Monkey Magic,2022-12-15,496052,73510,262,Monkey Magic,Dec
40,_uVfH4r3HMc,#07 Festival par bani nayi DOST ü§≠,2022-12-14,618445,82628,264,Monkey Magic,Dec
41,kJp8spR4SOQ,#06 This is the Biggest Festival of Nagaland üòé‚úäüèΩüé°,2022-12-13,900398,117674,377,Monkey Magic,Dec
42,tPBb9mZxEzY,#05 Ye Nagaland hai ki Thailand? üòÆ,2022-12-12,681316,91906,326,Monkey Magic,Dec
43,xtAaaSK8tz8,#04 Nagaland Meat Market mai ye sab bhi milta hai üò≤,2022-12-11,7962676,383797,1510,Monkey Magic,Dec
44,8nxZ0YzL6Cc,#03 BHEEM yahan Chess khelte the?? üòÆ,2022-12-10,982635,116540,277,Monkey Magic,Dec
45,hJWglzMUKKs,#02 Rajdhani Train mai Party üöÇ,2022-12-09,891801,118871,403,Monkey Magic,Dec
46,8lB12eaOeZ8,#01 Nagaaaland!!! Here I come ü•∞üòéü§óü´Ç,2022-12-08,858547,113006,497,Monkey Magic,Dec
47,FbKRK4L-R3Y,My New Youtube Studio!! ‚úäüèΩüòéü•∞ü§ó,2022-11-25,354254,31843,2125,Monkey Magic,Nov
48,hBv0VoOJIw0,Next Trip JAPAN??? (update) #shorts,2022-11-18,3097641,351836,1039,Monkey Magic,Nov
49,sJlu2NZRVzo,How Travelling 100 Days across India changed me üáÆüá≥,2022-10-26,417757,36522,3534,Monkey Magic,Oct
50,C0myj6_R6zg,Live Q&A + Play Button Unboxing!!!!,2022-10-16,251721,22655,1366,Monkey Magic,Oct
51,RICdX9SBwvA,I Travelled India üáÆüá≥  for 100 Days straight | 100 Days of Dreaming (Compilation) | Monkey Magic,2022-10-12,948861,64095,3408,Monkey Magic,Oct
52,J1t6msRU9rs,#100 Cost of Travelling 100 Days in India - FINAL EPISODE #100daysofdreaming #shorts,2022-10-10,3579581,487403,5811,Monkey Magic,Oct
53,VqFShtTtOYU,#099 Goodbye beautiful friends :)  #100daysofdreaming #shorts,2022-10-09,2418743,373989,4022,Monkey Magic,Oct
54,VIImA74oLMU,#098 En 100 days mai maine kya seekha? #100daysofdreaming #shorts,2022-10-08,1753930,277782,755,Monkey Magic,Oct
55,6dcADkk1GGw,#097  Ekta Kapoor ki kisi script se zada Drama hogya #100daysofdreaming  #shorts,2022-10-07,2587558,328173,495,Monkey Magic,Oct
56,oSbiKRnE30A,"#096 Night at 2500 saal purani Cave Monastery - Phugtal Gompa, Zanskar  #100daysofdreaming #shorts",2022-10-06,1969902,259395,594,Monkey Magic,Oct
57,FbrX_7p3KjI,#095 Dangerous Hike to Phugtal Monastery   #100daysofdreaming #shorts,2022-10-05,1268152,177553,518,Monkey Magic,Oct
58,3wdIsFbWKLE,#094 Zanskar mai 23km lamba Glacier dekha - Drang Drung Glacier #100daysofdreaming #shorts,2022-10-04,1554646,227505,571,Monkey Magic,Oct
59,BuOgBS2qkOA,#093 ‡§µ‡•Ä‡§∞ Captain Vikram Batra ki Bahaduri aur Tiger Hill  #100daysofdreaming #shorts,2022-10-03,1698581,268726,1118,Monkey Magic,Oct
60,IOCA3enoCWA,#092 KARGIL WAR MEMORIAL #100daysofdreaming #shorts,2022-10-02,1139468,182486,469,Monkey Magic,Oct
61,M2DogXqFnkQ,#091 GHOST VILLAGE of Kargil (Hundarman Village) #100daysofdreaming #shorts,2022-10-01,1758067,223994,497,Monkey Magic,Oct
62,lByrI9NKeIk,"#090 Muharram at Kargil, Ladakh #100daysofdreaming #shorts",2022-09-30,1496828,214190,888,Monkey Magic,Sep
63,ynWZ0ZXWyyI,#089 LEH se aagye KARGIL.. full style mai üòé #100daysofdreaming #shorts,2022-09-29,1750141,247574,553,Monkey Magic,Sep
64,qoXB59NlNFY,I went to Ladakh (36+ Hours) in a local HRTC Bus üöå | Monkey Magic,2022-09-28,1305821,69716,1746,Monkey Magic,Sep
65,fLlQL1Wjfu8,#088 Aise mai aap kya karte? #100daysofdreaming #shorts,2022-09-27,3658337,446219,522,Monkey Magic,Sep
66,4WdnbceUw4w,"#087 MAITREYA BUDDHA at THIKSEY GOMPA, LADAKH  #100daysofdreaming #shorts",2022-09-26,1679150,243328,530,Monkey Magic,Sep
67,7-molIDRpGY,#086 Accidental Party at LEH MARKET ü•≥ü•≥ #100daysofdreaming #shorts,2022-09-25,1804878,270343,590,Monkey Magic,Sep
68,OMIU-oTQQD8,#085 Best Roadtrip sirf ‚Çπ1755 mai? üòÆ (Delhi to Leh) #100daysofdreaming #shorts,2022-09-24,1248689,168700,451,Monkey Magic,Sep
69,JASS_wLGU8g,"#084 Extreme Adventure Begins! Delhi to Leh, Ladakh on a BUS #100daysofdreaming #shorts",2022-09-24,2353723,276289,577,Monkey Magic,Sep
70,2j_6nTcQ-5w,#083 Surprising Maa on her Birthday #100daysofdreaming #shorts,2022-09-22,8528481,1056348,6403,Monkey Magic,Sep
71,sJIJnLIkQiM,#082 LUXURY RAJDHANI FIRST CLASS #100daysofdreaming #shorts,2022-09-21,25458607,2277696,1450,Monkey Magic,Sep
72,4v2zk_oXais,"I Travel Luxury today, RAJDHANI EXPRESS FIRST CLASS (extended cut) | Monkey Magic",2022-09-21,633728,53952,702,Monkey Magic,Sep
73,xzavizNTBmM,#081 Ghar wapis ja raha hu.. (also MUMBAI STATION PAR YE KAB HUA? üòÆüòÆ  #100daysofdreaming #shorts,2022-09-20,3594110,352566,698,Monkey Magic,Sep
74,dMWOMHAnULw,#080 Mumbai Darshan in DOUBLE DECKER BUS #100daysofdreaming #shorts,2022-09-19,2734947,355245,794,Monkey Magic,Sep
75,Pfg6dC_7KMs,#079 Pehle baar GANPATI VISARJAN dekha.. #100daysofdreaming #shorts,2022-09-18,6122254,610188,976,Monkey Magic,Sep
76,Xitqky197Zc,#078 Helloo Mumbai ‚ù§Ô∏è #100daysofdreaming #shorts,2022-09-17,1153058,164020,957,Monkey Magic,Sep
77,Za6YWIcG72s,#077 CEASER ne jane se pehle diya ek special gift #100daysofdreaming  #shorts,2022-09-16,2584391,339769,1086,Monkey Magic,Sep
78,SVj0eid7S9o,#076 Please STOP doing this with Foreign Tourists  #100daysofdreaming  #shorts,2022-09-15,3599059,415111,2188,Monkey Magic,Sep
79,JnYW1gW7mo0,#075  Ellora Caves - Great Ancient Indian Civilisation #100daysofdreaming  #shorts,2022-09-14,2631886,343717,3332,Monkey Magic,Sep
80,cdqAskMsgHA,#074 Mera Film School FTII - Film and Television Institute of India #100daysofdreaming #shorts,2022-09-13,1738380,235303,699,Monkey Magic,Sep
81,atiBmd4m8TU,#073 PARTY TIME IN GOA #100daysofdreaming #shorts,2022-09-12,1797180,227786,1208,Monkey Magic,Sep
82,k8n1-9ptB8M,How I gained 1 MILLION + Subscribers in 60 Days | My Journey | Monkey Magic,2022-09-11,301497,46354,2598,Monkey Magic,Sep
83,xhhAC8NMVsI,#072 Chalte Chalte 1M Subscribers hogye.. #100daysofdreaming #shorts,2022-09-11,1684512,306617,1666,Monkey Magic,Sep
84,qGwCcQuZgcY,#071 I found Hidden Shiva Cave in Gokarna!! #100daysofdreaming #shorts,2022-09-10,4782591,617920,2030,Monkey Magic,Sep
85,Jje9TqEi1PQ,#070 Homeless in Gokarna #100daysofdreaming #shorts,2022-09-09,4176033,478176,1065,Monkey Magic,Sep
86,YYwQ-bSqng8,#069 Hanuman Ji ke Birth Place se dekha Sukoon bhara SUNSET #100daysofdreaming #shorts,2022-09-08,1944636,291046,929,Monkey Magic,Sep
87,OT6j0cQIwgU,"#068 Crocodile wali lake mai boating!!! (Sanapur Lake, Hampi) #100daysofdreaming  #shorts",2022-09-07,4586117,512946,772,Monkey Magic,Sep
88,4I5ELuIAQyg,#067 Khushiyo ka THE END #100daysofdreaming #shorts,2022-09-06,4836575,546451,1650,Monkey Magic,Sep
89,NzpkCzKeDmM,#066 OLD GLORY OF INDIA  (Stone Chariot Hampi)  #100daysofdreaming #shorts,2022-09-05,1362198,200455,634,Monkey Magic,Sep
90,RiFKbwWRtBg,#065 HAMPI ghumne ke liye HAYABUSA Leli  üòÇ #100daysofdreaming #shorts,2022-09-04,1531172,237088,916,Monkey Magic,Sep
91,3WZa7RC2qLg,#064 Hampi ka mera sabse sundar experience #100daysofdreaming  #shorts,2022-09-03,7337575,782370,2182,Monkey Magic,Sep
92,X1Y3Cur9sWU,#063 Nandi Hills mai ye sab kya chalra hai üôà #100daysofdreaming #shorts,2022-09-02,1853951,252142,1059,Monkey Magic,Sep
93,zUP87GX8EpM,#062 2 Mahine baad khaya Ghar ka Khana ü•πü•π #100daysofdreaming #shorts,2022-09-01,2435496,284027,504,Monkey Magic,Sep
94,pNqQy-YNzaI,#061 KAVERI AMMA‚ù§Ô∏è #100daysofdreaming #shorts,2022-08-31,2801901,411301,981,Monkey Magic,Aug
95,kMdPsRttn2M,#060 I found a glimpse of HAPPINESS #100daysofdreaming #shorts,2022-08-30,1849449,249683,650,Monkey Magic,Aug
96,JStzrqW-y0Y,#059 I found 1000 years old SHIVA TEMPLE..which was buried under sand #100daysofdreaming,2022-08-29,267549,30841,761,Monkey Magic,Aug
97,b6Uty_Ng4wE,#058 Why I am walking 70KM through villages of Karnataka? #100daysofdreaming,2022-08-28,342794,38781,1117,Monkey Magic,Aug
98,ZcCZiwg33OY,#057 70KM ki ‡§™‡•à‡§¶‡§≤ ‡§Ø‡§æ‡§§‡•ç‡§∞‡§æ par jaa raha hoon #100daysofdreaming #shorts,2022-08-27,1703890,236666,1136,Monkey Magic,Aug
99,XM5y-XkXAEU,#056 I got caught in FLASH FLOOD!,2022-08-26,585855,45664,933,Monkey Magic,Aug
100,JY9dRVoL8fU,#055 Chashma Banwalia frandz #100daysofdreaming #shorts,2022-08-25,2827107,308357,958,Monkey Magic,Aug
101,9Empq6-xUqY,#054 HEAVY LOSS ü´† #100daysofdreaming #shorts,2022-08-24,5130661,583776,3732,Monkey Magic,Aug
102,njGvnfaKZRI,I Travel Kerala with just ‚Çπ72,2022-08-23,648430,49695,1577,Monkey Magic,Aug
103,5nszm2WWNAI,#053 Dard se Bura Haal üò´üò´üò´ #100daysofdreaming #shorts,2022-08-23,2136029,280824,552,Monkey Magic,Aug
104,9lUDmGj7Uow,#052 BYE BYE CHETAN #100daysofdreaming #shorts,2022-08-22,1365138,166442,519,Monkey Magic,Aug
105,Oep99w93aNc,#051 Alleppey Backwaters üòçüòç (Kerala) #100daysofdreaming #shorts,2022-08-21,1418029,181966,567,Monkey Magic,Aug
106,0-UfYSzRsSc,#050 100 Days ye ke series khatam hone wale hai.. #100daysofdreaming  #shorts | Monkey Magic,2022-08-20,1748075,266436,7072,Monkey Magic,Aug
107,wmopG61sf9E,"#049 Part 2 Largest Bird Statue In the World | JATAYU (Kollam, Kerala)  #100daysofdreaming #shorts",2022-08-19,2232976,339370,831,Monkey Magic,Aug
108,DuBPin6V6fk,#049 Part 1 - Chetan üò°üò°üò° #100daysofdreaming #shorts,2022-08-19,2037693,269261,319,Monkey Magic,Aug
109,s1pP0lzrwkE,#048 Varkala mai Stranger ko Lift dekar Galti kardi? #100daysofdreaming  #shorts,2022-08-18,2751709,364948,504,Monkey Magic,Aug
110,I1AZu4HcM1M,#047 ‡§Æ‡•á‡§∞‡•Ä ‡§Æ‡§æ‡§Å ‚ù§Ô∏è‚ù§Ô∏è #100daysofdreaming #shorts,2022-08-17,4203084,618593,2456,Monkey Magic,Aug
111,QFuOzUZtRYQ,#046 Kerala aate he Bimaar hogya #100daysofdreaming #shorts,2022-08-16,1982976,251288,741,Monkey Magic,Aug
112,k7S61sQ7y_Q,CELEBRATING INDEPENDENCE DAY just 1KM from PAKISTAN  | Monkey Magic,2022-08-15,291457,31172,1203,Monkey Magic,Aug
113,UOAruOLD0D8,#045 North East se Seedha pohch gya KANYAKUMARI #100daysofdreaming  #shorts,2022-08-15,5714379,580259,709,Monkey Magic,Aug
114,396sqkbhPes,#044 Hotel nahi mila toh Railway Station ki Bench par Soona Pada #100daysofdreaming #shorts,2022-08-14,7464692,830470,807,Monkey Magic,Aug
115,HgzBUg-vbEA,#043 Train mai mangwaya DOMINOS PIZZA  ü§Ø | #100daysofdreaming  #shorts,2022-08-13,10548508,1054464,1130,Monkey Magic,Aug
116,pQ3LPP2zBDE,#042 Bhookh se Bura haal üò© #100daysofdreaming #shorts,2022-08-12,12083702,1000057,1240,Monkey Magic,Aug
117,SHQVYt7dmvc,#041 Railway Station ki DORM mai sone ka Mera experience #100daysofdreaming #shorts,2022-08-11,12047006,1152814,970,Monkey Magic,Aug
118,aO4oB99pS64,"#040 Gadi, Scooty aur TRACTOR ü§™ Sab par lift lega tera bhai üôà  #100daysofdreaming #shortsüôà",2022-08-10,2257025,300073,450,Monkey Magic,Aug
119,czm0OMRIFC8,BHAGWAN ne bheja mere Birthday par ye PERFECT GIFT (500k Special) | #100daysofdreaming  #shorts,2022-08-09,3499309,512626,9299,Monkey Magic,Aug
120,0L1QTT_EDFc,#039 I did Zero Things in ZIRO!! ETNI DURR AANA WASTE? #100daysofdreaming #shorts,2022-08-08,4788113,474020,473,Monkey Magic,Aug
121,YaKOYFFEZxg,(Q&A) MY Budget for 100 Days travel across INDIA üáÆüá≥ü§Ø | Monkey Magic,2022-08-07,614345,54494,13162,Monkey Magic,Aug
122,dLxnbG_QMoc,#038 - Enti pareshani jheel kar ZIRO (Arunachal Pradesh) Kyu aaya? #100daysofdreaming #shorts,2022-08-07,3656148,408040,419,Monkey Magic,Aug
123,Jk2dbazTKMQ,#037 SOLO Travel Gone WRONG!! #100daysofdreaming | Monkey Magic,2022-08-06,361347,33040,815,Monkey Magic,Aug
124,omHMwtwFmWI,#036 - This Indian Island would Sink but people are still living here   #100daysofdreaming  #shorts,2022-08-05,1565200,230621,997,Monkey Magic,Aug
125,GYBrXCH23WI,#035 Majuli #100daysofdreaming #shorts,2022-08-04,1060704,123162,445,Monkey Magic,Aug
126,i0D22tvtwRY,#034 100 din ke saari Travelling EK he din mai karli üò≠üò≠ #100daysofdreaming  #shorts,2022-08-03,3467003,418239,1124,Monkey Magic,Aug
127,8Zl7cHOsJg8,#033 INTERNATIONAL BORDER enke GHAR se jata hai ü§Øü§Ø  #100daysofdreaming #shorts,2022-08-02,2650441,314714,322,Monkey Magic,Aug
128,NkxzvY3WRL0,#032  Galti se BORDER CROSS karke MYANMAR mai Chai peeli üò≥ #100daysofdreaming  #shorts,2022-08-01,7378121,765563,735,Monkey Magic,Aug
129,v2TPe2KRlHQ,I spent 4 Days Inside INDIA'S LONGEST TRAIN (78+ Hours)  üöÇ,2022-07-31,6057534,330470,10124,Monkey Magic,Jul
130,Fb9RM2R_sPw,#031 - Nagaland ke log mujhse BAR BAR ye kyu kehte rehte hai? #100daysofdreaming #shorts,2022-07-31,1967309,277333,541,Monkey Magic,Jul
131,0sKw2CGyFJg,#030 Why did JAPAN attack INDIA in WORLD WAR 2 üò®üò®üò® |  #100DaysofDreaming #shorts,2022-07-30,2915427,296962,535,Monkey Magic,Jul
132,rswa-DaMY5g,#029 Nagaland Culture #100DaysofDreaming | Monkey Magic #shorts,2022-07-29,1171820,167793,369,Monkey Magic,Jul
133,2HD0b2eTIkA,#028 Aaj toh 100% dimaag ka use karliya üòÇüòÇüòÇ | #100DaysofDreaming | Monkey Magic #shorts,2022-07-28,4055744,428629,1133,Monkey Magic,Jul
134,LCa7A7YwpY4,#027 I met a group of Traveller Girls | #100DaysofDreaming | Monkey Magic #shorts,2022-07-27,3040877,375334,649,Monkey Magic,Jul
135,wdTHuDJKdh0,#026 Are NAGA people friendly? (es video ne mujhe rula diya ü•π)  |  #100DaysofDreaming | #shorts,2022-07-26,1252310,214238,509,Monkey Magic,Jul
136,ApUIPFedmxc,#025 PART 2 | North East ka DZUKOU VALLEY dekhliya toh KASHMIR bhul jaoge #100DaysofDreaming #shorts,2022-07-25,1126569,162592,468,Monkey Magic,Jul
137,GXbZ3U5NPxI,#025 Part 1 | NORTH EAST KI SABSE KHOOBSURAT JAGH HAI YE.. #100daysofdreaming | #shorts,2022-07-25,1093744,138573,339,Monkey Magic,Jul
138,JJLTdRhtyHY,#024 Aaj finally NAGALAND pohch gaya..  #100DaysofDreaming | Monkey Magic #shorts,2022-07-24,1435823,197150,477,Monkey Magic,Jul
139,raNUWYFjfLo,"#023 Mai inko milte he JUDGE kar betha, jo ki meri bohat badi galti thi #100DaysofDreaming  #shorts",2022-07-23,2799165,364289,629,Monkey Magic,Jul
140,hlxeLDCB8zE,#022  Part 1| YE YA WO? #100daysofdreaming  #shorts,2022-07-22,4480391,407873,282,Monkey Magic,Jul
141,9zaYCrCdOqE,#022 Part 02 | LOKTAK LAKE mai strangers ke sath kiya picnic ü§óü§óü§ó #100DaysofDreaming  #shorts,2022-07-22,1599912,218460,737,Monkey Magic,Jul
142,dcR3G0mzSTE,#021 Har INDIAN ko MANIPUR ki es baat par ‡§ó‡§∞‡•ç‡§µ ‡§π‡•ã‡§ó‡§æ #100DaysofDreaming | Monkey Magic #shorts,2022-07-21,1610971,210748,549,Monkey Magic,Jul
143,w1yd2MmN8Oc,#020 Imphal Girl shows me around her city (Manipur)üôà #0100DaysofDreaming | Monkey Magic  #shorts,2022-07-20,1892825,245765,865,Monkey Magic,Jul
144,ZKI8tsh4n4Y,#019 100days ki INDIA TRIP par nikla sirf ES wajh se #100DaysofDreaming | Monkey Magic | #shorts,2022-07-19,2831236,376860,1810,Monkey Magic,Jul
145,8bLqbjbesgE,#018  I found LITTER in CLEANEST VILLAGE OF ASIA üò´ #0100DaysofDreaming | Monkey Magic #shorts,2022-07-18,3220423,439591,584,Monkey Magic,Jul
146,SqoOBOUFFpA,I met REAL NAGA HEADHUNTER in MYANMAR (he has killed 10 men!!) ü§Ø | Longwa Village | Monkey Magic,2022-07-17,888634,71686,4762,Monkey Magic,Jul
147,_6wIWeTFjKE,#017 KAMJOR DIL WALE NA DEKHE #100DaysofDreaming | Monkey Magic #shorts,2022-07-17,2040483,256804,929,Monkey Magic,Jul
148,Aja4KLDVuCo,#016 (most beautiful day of my life) LIVING ROOTS BRIDGE MEGHALAYA #0100DaysofDreaming | #shorts,2022-07-16,2848652,343883,1267,Monkey Magic,Jul
149,i84mBBwda2s,#015 GHOST ENCOUNTER IN SECRET CAVE OF MEGHALAYA #100DaysofDreaming | Monkey Magic #shorts,2022-07-15,2753911,289131,484,Monkey Magic,Jul
150,lvrfPURcNCc,#014 Pt 1 | Bura Phass gaya tha..par phir bhagwan ne enko bhejdiya #100DaysofDreaming #shorts,2022-07-14,7482008,696085,781,Monkey Magic,Jul
151,sDmWFgk1cLM,#014 PT 2 | Hame ek dusre ki language nahi aati..phir bhi dosti hogye #100DaysofDreaming #shorts,2022-07-14,2975150,340808,532,Monkey Magic,Jul
152,6_SEgLLV2YI,#013  Going to a Tribal Village (not on tourist map) #0100DaysofDreaming | Monkey Magic #shorts,2022-07-13,829853,85748,282,Monkey Magic,Jul
153,VO9TaXn7mrk,#012 SOLO TRAVEL KA (not so fancy) SACH #100DaysofDreaming | Monkey Magic #shorts,2022-07-12,2204545,218841,416,Monkey Magic,Jul
154,lZD-38OZxOY,#011 Welcome to North East India #100DaysofDreaming | Monkey Magic #shorts,2022-07-11,3279211,291991,555,Monkey Magic,Jul
155,E2GjXp04Vqc,Never let your Dreams Die kids | Monkey Magic,2022-07-10,105499,10910,590,Monkey Magic,Jul
156,qz17eRbk99A,#010 General Dabbe mai LOKI ki chori hogyi ü´¢üò≠ #100DaysofDreaming | Monkey Magic #shorts,2022-07-10,17619257,1291658,2766,Monkey Magic,Jul
157,LsDuCDQX9pA,#009 Indian Railways ki ye sabse Buri baat hai  #100DaysofDreaming | Monkey Magic #shorts,2022-07-09,4248259,357242,457,Monkey Magic,Jul
158,V8m6jgA7ToA,"#008 Mandir gaya tha, Chappal Chori hogyi üò´ #100DaysofDreaming | Monkey Magic #shorts",2022-07-08,15391030,1078383,1915,Monkey Magic,Jul
159,HfqkE12F_0A,#007 This BOATWALA Sings better than Badshah! #100DaysofDreaming | Monkey Magic #shorts,2022-07-07,3059001,347814,978,Monkey Magic,Jul
160,BRPL59jzoZ8,#006 Punjab se better Lassi BANARAS mai milte hai? #100daysofdreaming  #shorts,2022-07-06,4599980,470890,466,Monkey Magic,Jul
161,Dl06wFn0tcI,#005  Manikarnika Ghat Banaras | #100DaysofDreaming | Monkey Magic #shorts,2022-07-05,2231588,239780,614,Monkey Magic,Jul
162,5W6z8wPytIQ,#004 BANARAS ka chupa hua Sach #100DaysofDreaming | Monkey Magic #shorts,2022-07-04,1426776,162129,430,Monkey Magic,Jul
163,uzVAviuW4cg,I spent a day with GARO TRIBE OF MEGHALAYA (solo) | Garo Hills | Sadolpara Village | Monkey Magic,2022-07-03,316879,27611,906,Monkey Magic,Jul
164,OQS8xZAjQTU,#003 THIS INDIAN TRAIN IS BETTER THAN AIRPLANE!  #100DaysofDreaming | Monkey Magic #shorts,2022-07-03,25341267,2476904,4708,Monkey Magic,Jul
165,aoh9RiUjYtg,#002 Bye Bye DelhiüëãüèΩ #100daysofdreaming | Monkey Magic #shorts,2022-07-02,2193645,227556,326,Monkey Magic,Jul
166,hx7MuN3jpcQ,#001 I Quit my Job to Travel INDIA #100DaysofDreaming | Monkey Magic #shorts,2022-07-01,3522707,391891,1006,Monkey Magic,Jul
167,2OgKhP2Rvkk,"MEGHALAYA TRAVEL VLOG (wettest place on Earth) ü§Ø | Living Root Bridge, Cherrapunji, Mawlynnong",2022-06-28,320985,22593,689,Monkey Magic,Jun
168,nNCBSJMgn5c,BANARAS : The Magical Oldest city of INDIA üáÆüá≥,2022-06-19,232485,15756,578,Monkey Magic,Jun
169,-hhmZLhAyj0,Leaving Delhi to Build My New Life üëãüèΩüëãüèΩ (Life Update) | Monkey Magic,2022-06-12,112395,7083,209,Monkey Magic,Jun
170,K5pV5VG07gc,I tried sleeping in my Car (solo camping),2022-05-30,635065,57064,1625,Monkey Magic,May
171,nIGq9jd-t90,I went to Pakistan for One Day üáÆüá≥,2022-05-15,420760,33181,1292,Monkey Magic,May
172,Dv4TFE2X-1A,HOW CAN SHE DO THIS TO ME??? | Monkey Magic #shorts,2022-04-28,3099157,303071,1604,Monkey Magic,Apr
173,PuX9Pbl1RVo,"MY ‚Çπ5,55,000 Cinema Camera Mistake üò´ | ‡§≤‡§æ‡§ñ‡•ã‡§Ç ‡§ï‡§æ ‡§®‡•Å‡§ï‡§º‡§∏‡§æ‡§® | StoryTime | Monkey Magic",2022-04-10,106328,6661,616,Monkey Magic,Apr
174,_XGxm6Lrc7Y,Hidden WaterFall of Bir Billing | Things to do in Bir Billing #shorts,2022-04-06,1181917,152131,282,Monkey Magic,Apr
175,BuE6JrpKg4A,Snow Leopard Village of Ladakh | Ladakh Road Trip 2022 | Monkey Magic #shorts,2022-03-29,1877168,175108,130,Monkey Magic,Mar
176,FqLEJhPH-II,Surviving 24hrs in Snow Leopard Village of LADAKH | Leh Ladakh 2022 | Monkey Magic,2022-03-27,423779,38464,1254,Monkey Magic,Mar
177,n_QH6LSjTgg,This Village in Parvati Valley Lives without any Mobile Signal #shorts,2022-03-24,1852984,255889,1247,Monkey Magic,Mar
178,ozyG3mIEJ2M,My First Lathmar Holi in Barsana |  Monkey Magic,2022-03-17,149137,8595,316,Monkey Magic,Mar
179,o5aouBztMwk,I went Ice Skating on a Frozen River in LADAKH | Monkey Magic,2022-03-13,134266,10231,870,Monkey Magic,Mar
180,f2RmsnYhHY4,"-20C mai Bathroom, Kaise? üò± | Leh Ladakh 2022 | Monkey Magic #shorts",2022-03-08,3556229,279334,560,Monkey Magic,Mar
181,OscvX29ptMA,@jsfilmsindia ki Party par maine ye bohat galat kiya üôàü•≤ Sorry Paaji üôèüèº | Monkey Magic,2022-03-02,19407,1942,179,Monkey Magic,Mar
182,dKqC6SVm18k,I am going to LONDON by Road from INDIA | Delhi to London Road Trip | Monkey Magic,2022-02-27,788538,50207,1099,Monkey Magic,Feb
183,RVXJlcPL84g,She broke my Heart on Valentines Day ü•∫‚ù§Ô∏è‚Äçüî• | Monkey Magic,2022-02-14,183544,14054,761,Monkey Magic,Feb
184,p_8XxFNW7ow,I took my SUBSCRIBERS on a FREE ROADTRIP | Monkey Magic,2022-02-06,17394,1550,228,Monkey Magic,Feb
185,Pzo9pu7Cygc,BIR BILLING TRAVEL VLOG | Monkey Magic,2022-01-26,45104,3654,314,Monkey Magic,Jan
186,7S_awShunbo,I'M FLYING!!!! Paragliding at Bir Billing #shorts,2022-01-21,262553,33416,97,Monkey Magic,Jan
187,qKPHXTJPMxs,Asking Strangers for a RoadTrip | Monkey Magic,2022-01-09,66800,4453,270,Monkey Magic,Jan
188,3p7GesTgXx8,"JS FILMS ‚Çπ1,00,00,000 STUDIO TOUR (from Splendor to SuperBikes)!! üî•üî•",2021-12-26,100241,8372,315,Monkey Magic,Dec
189,U8x1q_N1w5Q,"My First SOLO Travel Story (‚Çπ1,00,000 ka Nuksaan) üò≠",2021-12-19,30816,2567,271,Monkey Magic,Dec
190,HXrMoxbJ51E,I went Leopard Safari in JAIPUR!!| Monkey Magic,2021-11-28,83210,5615,169,Monkey Magic,Nov
191,zTtYeKSFOb4,WHY HE BOUGHT ‚Çπ80000 TRIPOD??,2021-11-14,44858,2717,140,Monkey Magic,Nov
192,MtM91rh3xh4,ENDING THE VLOG.,2021-10-28,5287,538,209,Monkey Magic,Oct
193,DhKoFJ3NZQs,How travelling saved my Life | My Story,2021-10-24,88519,7855,460,Monkey Magic,Oct
194,bRvAzUyNVjM,My 5 Favourite Films of all time | Monkey Magic,2021-10-23,3862,356,100,Monkey Magic,Oct
195,n_R1XHPiVNI,HAIL STROME!!!! (update),2021-10-18,3995,241,28,Monkey Magic,Oct
196,KL7zkcRX8BU,"I ATE 25 YEARS OLD GHEE IN TURTUK, LADAKH |  #DailyVlog Day 14 | Monkey Magic",2021-10-17,13928,985,61,Monkey Magic,Oct
197,MTGxa_7B5_Q,THANG (actual Last Village of India) | #DailyVlog Day 12 | Monkey Magic,2021-10-15,19920,1164,84,Monkey Magic,Oct
198,vHKAuAqOBk0,TRUE COLOURS OF INDIA | #DailyVlog Day 11 | Monkey Magic,2021-10-14,7734,492,56,Monkey Magic,Oct
199,K0XmTuP6T2o,This video will make every INDIAN proud! | #DailyVlog Day 10 | Monkey Magic,2021-10-13,18748,1137,111,Monkey Magic,Oct
200,-yu39B6vdek,Exploring Turtuk Village (Last village of India) | #DailyVlog Day 09 | Monkey Magic,2021-10-12,33572,2051,143,Monkey Magic,Oct
201,IgIJcSz0tJI,"Independence Day Celebrations at 11,000 ft! (Turtuk, Ladakh) | #DailyVlog Day08",2021-10-11,24528,1363,139,Monkey Magic,Oct
202,Al_kjsJ5HHU,Do this before your First Ladakh Trip üôèüèº | Monkey Magic #DailyVlog Day07,2021-10-10,32855,1783,87,Monkey Magic,Oct
203,6cy46TrSwbg,2500KM Roadtrip to Surprise our Subscriber! | Monkey Magic,2021-10-03,14989,1205,254,Monkey Magic,Oct
204,C5VKxfaFJ7c,This will change everything! #30dayschallenge | Road Trip Delhi To Nagpur on CRETA |Monkey Magic 2.0,2021-10-02,3384,254,91,Monkey Magic,Oct
205,1ac6osWEdJk,This Mystery Box came from SPACE!,2021-09-19,3586,365,157,Monkey Magic,Sep
206,mdXK_WE4-Ms,How we shot a Music Video in no time,2021-09-12,4008,346,69,Monkey Magic,Sep
207,47pxa1T70sc,Insane photography trick called HYPERLAPSE ü§Ø | Monkey Magic 2.0 #shorts,2021-08-25,211329,13812,35,Monkey Magic,Aug
208,ZIsYVczq_fw,How to clear FTII exam & other filmmaking/freelancing tips | Q&A 2 |  Monkey Magic 2.0,2021-08-22,15002,1206,181,Monkey Magic,Aug
209,QYl61-XO860,#shorts Ladakh in 60sec | Monkey Magic 2.0 #LadakhTrip2021,2021-08-14,380235,31671,80,Monkey Magic,Aug
210,sPddahy440I,WILDLIFE FILMMAKING IN INDIA,2021-08-11,10241,819,145,Monkey Magic,Aug
211,JSeKkxvdLjA,How a Punjabi Film is made üé•,2021-08-01,20571,1963,130,Monkey Magic,Aug
212,bd9nQmfVeJ4,My Love Letter to Rishikesh | Monkey Magic,2021-07-29,6744,459,48,Monkey Magic,Jul
213,qkPTioKTKvs,Stairway to Heaven | CHOPTA TUNGNATH CHANDRASHILA Trek 2021 | Monkey Magic 2.0,2021-07-23,52304,3583,325,Monkey Magic,Jul
214,nhv9c0pv5t8,Walking in the Himalayas | Hidden Chadar Trek | Ladakh | Abhinandan Sharma | Monkey Magic 2.0,2021-07-18,43770,2894,219,Monkey Magic,Jul
215,Nh41Guvi_Yc,Walking in the Himalayas | Changthang to Zanskar |  Trailer,2021-07-07,4475,266,43,Monkey Magic,Jul
216,ZGgjNM6pwGM,#Shorts : Snow Leopard seen in Ladakh!,2021-07-05,825881,85963,143,Monkey Magic,Jul
217,XGFDTvJq36s,The Ghost of Mountains | Snow Leopard in Ladakh | Shot on Iphone 12 Pro | Ladakh Cinematic Film,2021-07-04,98362,5536,154,Monkey Magic,Jul
218,OSK8RzWejPY,#shorts : How people use toilets in extreme -10c Ladakh | Dry Toilets of Ladakh Explained,2021-07-01,1136666,83866,162,Monkey Magic,Jul
219,5S1AxykdeuU,I went to Kashmir with Strangers and this happened! üò¶,2021-06-27,32702,1538,70,Monkey Magic,Jun
220,GhXrEgq3ubM,My Dream RoadTrip across LADAKH (my fav fav trip) | Monkey Magic,2021-06-20,560040,30824,1550,Monkey Magic,Jun
221,Y47l8HvJPqQ,(In the memory of Nidhi Malik) | Lockdown Short Film,2021-05-15,2419,227,110,Monkey Magic,May
222,WqnuQrDpSyM,NEW YEAR CELEBRATIONS IN SIKKIM (too much fun),2021-03-21,62333,3393,176,Monkey Magic,Mar
223,QwONZuesvrQ,RISHIKESH VLOG | Jab hamara ek dost GANGAJI mai almost doob gaya.. | PART 02,2021-01-23,22335,1242,78,Monkey Magic,Jan
224,-nH427V1OTI,Dvenko‚Äôs SOLO RISHIKESH TRIP.. but with a Twist ü§™ | PART 01,2021-01-20,11736,736,111,Monkey Magic,Jan
225,CU3JolK2Avs,Song of the SoulBirds | Bharatpur Bird Sanctuary | Monkey Magic,2021-01-06,8170,595,150,Monkey Magic,Jan
226,ngz2qTxpeag,We Pulled an insane ONE TAKE VIDEO | Behind the Scenes | Monkey Magic,2020-12-23,8553,804,86,Monkey Magic,Dec
227,wViW8R5NF5I,INSANE ONE TAKE DANCE VIDEO!,2020-12-19,10933,697,114,Monkey Magic,Dec
228,hxlsbGCodvk,I Travelled with Strangers in INDIA & had NO IDEA where I was going!! üò± | BNK - Monkey Magic,2020-12-05,42651,2980,209,Monkey Magic,Dec
229,XIFNrkO7xfY,WE ALMOST CALLED AN AMBULANCE!!! | PUNJAB SERIES EPISODE 04,2020-11-21,3131,347,52,Monkey Magic,Nov
230,pgukRisl0vI,Madness on PUNJABI FILM SET | PUNJAB SERIES EP03,2020-11-18,2635,183,47,Monkey Magic,Nov
231,DEjH_fW_NxU,Fun in a Village of Punjab | PUNJAB SERIES EP02,2020-11-11,3428,329,82,Monkey Magic,Nov
232,eO_sliaPMEo,Why Punjab Police Stopped us | PUNJAB SERIES EP01,2020-11-07,14883,870,52,Monkey Magic,Nov
233,7vwN4akCUPg,EPIC FOOD BROLL | Daniel Schiffer Inspired,2020-10-28,2575,151,28,Monkey Magic,Oct
234,Br0RjDqJBic,Dancing on a Truck at Night! | Part 2,2020-10-14,3012,326,51,Monkey Magic,Oct
235,4u4oa8Tiocc,Filmmaking at an ABANDONED LOCATION! | Part 1,2020-10-12,4213,270,42,Monkey Magic,Oct
236,ToHFtDR3NkE,Portrait of a Teacher in Corona Pandemic | RPRS EP01,2020-10-05,3035,285,94,Monkey Magic,Oct
237,3AteLJ6Ml5M,Loser gets GANJA!! (Ganja Challenge),2020-08-14,6619,343,59,Monkey Magic,Aug
238,Vf4j27dv4Tw,I CYCLE AT 50Kmph!! ü§Ø | Monkey Magic,2020-08-04,4110,259,34,Monkey Magic,Aug
239,yBU29A-LnzA,Cinematic Sound Design Explained! (in Hindi),2020-06-23,28135,2063,156,Monkey Magic,Jun
240,LNa3LUjIZog,Why Everyone should watch this film!,2020-05-20,5718,317,38,Monkey Magic,May
241,Cl6fMSumjBY,Manikarnika Ghat | Banaras,2019-01-23,16535,513,52,Monkey Magic,Jan
242,ZNAwVAKU_Zg,ANDHA ACTION - Award Winning SHORT FILM,2018-12-02,6572,326,50,Monkey Magic,Dec
243,lrG4Cnn3x5E,MAN WHO NEVER DIE | Monkey Magic,2018-10-14,5782,392,66,Monkey Magic,Oct
244,LctVJ0jeIsY,VFX OR MAGIC ??,2018-09-22,6497,451,54,Monkey Magic,Sep
245,sMt8YSlIZj4,OUR FIRST TV COMMERCIAL!,2018-09-06,8178,517,73,Monkey Magic,Sep
246,JcxkElzXd4Q,LEARN HYPERLAPSE (IN HINDI),2018-08-28,30518,1796,88,Monkey Magic,Aug
247,svVFDMOQbCI,"PURI RATH YATRA, 2017 // INDIA",2017-09-24,9218,628,69,Monkey Magic,Sep
248,ABAycjXnapw,The Day I almost Died // Part 2 | STORYTIME with Monkey Magic,2017-07-31,6029,508,86,Monkey Magic,Jul
249,ukOPN3CF-jY,The day I almost died //  Part 1 | STORYTIME with Monkey Magic,2017-07-30,11886,589,71,Monkey Magic,Jul
250,OJzYpc7hE2o,NANNU CHALA BOMBAY,2017-07-22,4934,227,38,Monkey Magic,Jul
251,lfbWL_8UMBY,HARIDWAR - The GREATEST!!,2017-06-03,10134,543,121,Monkey Magic,Jun
252,LifuuWaODJ0,BAATE AUR BAKCHODI ft ''Holi Hai'' Video,2017-03-16,6714,356,82,Monkey Magic,Mar
253,SKl_d00MS04,HOLI!!!!,2017-03-13,12132,555,76,Monkey Magic,Mar
254,3uIXAqcbIVw,Surajkund International Craft Mela 2017,2017-02-26,35563,1577,278,Monkey Magic,Feb
255,zhG7GjTj7hg,CHETAK vs VESPA!,2017-01-20,91662,2258,163,Monkey Magic,Jan
256,e-E5ilw6LcE,"KASOL : Travel Film // Kasol, Himachal Pradesh",2017-01-09,85080,2035,252,Monkey Magic,Jan
257,1YUwb9Qqogg,THIS IS MCLEODGANJ!!,2016-11-22,30644,915,158,Monkey Magic,Nov
258,1A5EKxJwb4o,S C O P O P H O B I A  |  a Short Film |,2016-08-10,42913,1402,191,Monkey Magic,Aug
259,RxACpJ66xLs,H Y P E R L A P S E : D E L H I,2016-05-21,98912,3888,358,Monkey Magic,May
260,xF1uGjxn46w,DESI Bacha/ The Annoying one,2015-07-07,42934,1922,213,Monkey Magic,Jul
